Workbook

Sheet голые
A1: Розничный прайс-лист на продукцию ООО "Дымоход - Трейд плюс " от 01.04.2024
A3: Труба без изоляции — ОЦИНКОВКА
B4: Ø 100 | C4: Ø 110 | D4: Ø 120 | E4: Ø 130 | F4: Ø 140 | G4: Ø 150 | H4: Ø 160 | I4: Ø 180 | J4: Ø 200 | K4: Ø 210 | L4: Ø 220 | M4: Ø 230 | N4: Ø 250 | O4: Ø 280 | P4: Ø 300
A5: ТрубаL=1000 мм | B5: 737 | C5: 782.1 | D5: 845.9 | E5: 885.5 | F5: 937.2 | G5: 1009.8 | H5: 1080.2 | I5: 1186.9 | J5: 1336.5 | K5: 1426.7 | L5: 1482.8 | M5: 1554.3 | N5: 1645.6 | O5: 1910.7 | P5: 2085.6
A6: Труба L=750 мм | B6: 599.5 | C6: 634.7 | D6: 711.7 | E6: 750.2 | F6: 805.2 | G6: 847 | H6: 895.4 | I6: 1067 | J6: 1155 | K6: 1232 | L6: 1293.6 | M6: 1379.4 | N6: 1482.8 | O6: 1558.7 | P6: 1732.5
A7: Труба L=500 мм | B7: 463.1 | C7: 517 | D7: 563.2 | E7: 599.5 | F7: 691.9 | G7: 731.5 | H7: 782.1 | I7: 847 | J7: 924 | K7: 1001 | L7: 1039.5 | M7: 1078 | N7: 1162.7 | O7: 1309 | P7: 1424.5
A8: Труба L=350 мм | B8: 391.6 | C8: 427.9 | D8: 492.8 | E8: 531.3 | F8: 597.3 | G8: 640.2 | H8: 684.2 | I8: 748 | J8: 892.1 | K8: 902 | L8: 935 | M8: 965.8 | N8: 1100 | O8: 1202.3 | P8: 1391.5
A9: Труба L=250 мм | B9: 383.9 | C9: 402.6 | D9: 430.1 | E9: 447.7 | F9: 468.6 | G9: 500.5 | H9: 532.4 | I9: 578.6 | J9: 691.9 | K9: 697.4 | L9: 721.6 | M9: 745.8 | N9: 848.1 | O9: 922.9 | P9: 1068.1
A10: Труба L=150 мм | B10: 266.2 | C10: 276.1 | D10: 293.7 | E10: 303.6 | F10: 316.8 | G10: 335.5 | H10: 355.3 | I10: 383.9 | J10: 463.1 | K10: 467.5 | L10: 481.8 | M10: 496.1 | N10: 570.9 | O10: 614.9 | P10: 715
A11: Отвод 90 гр | B11: 790.9 | C11: 885.5 | D11: 907.5 | E11: 975.7 | F11: 1006.5 | G11: 1079.1 | H11: 1201.2 | I11: 1249.6 | J11: 1417.9 | K11: 1499.3 | L11: 1564.2 | M11: 1639 | N11: 1793 | O11: 1994.3 | P11: 2179.1
A12: Отвод 45 гр | B12: 653.4 | C12: 735.9 | D12: 808.5 | E12: 872.3 | F12: 968 | G12: 1040.6 | H12: 1162.7 | I12: 1211.1 | J12: 1379.4 | K12: 1460.8 | L12: 1525.7 | M12: 1600.5 | N12: 1754.5 | O12: 1955.8 | P12: 2140.6
A13: Зонт | B13: 653.4 | C13: 693 | D13: 708.4 | E13: 772.2 | F13: 776.6 | G13: 809.6 | H13: 899.8 | I13: 1071.4 | J13: 1103.3 | K13: 1179.2 | L13: 1287 | M13: 1423.4 | N13: 1699.5 | O13: 1841.4 | P13: 1926.1
A14: Тройник с К/О 90гр | B14: 1408 | C14: 1450.9 | D14: 1502.6 | E14: 1555.4 | F14: 1611.5 | G14: 1669.8 | H14: 1685.2 | I14: 1813.9 | J14: 1918.4 | K14: 1989.9 | L14: 2062.5 | M14: 2139.5 | N14: 2411.2 | O14: 2678.5 | P14: 3001.9
A15: Тройник с К/О 45гр | B15: 1593.9 | C15: 1549.9 | D15: 1620.3 | E15: 1694 | F15: 1772.1 | G15: 1853.5 | H15: 2014.1 | I15: 2202.2 | J15: 2525.6 | K15: 2637.8 | L15: 2812.7 | M15: 2942.5 | N15: 3358.3 | O15: 3815.9 | P15: 4315.3
A16: Четверник с к/о 90гр | B16: 2077.9 | C16: 2026.2 | D16: 2121.9 | E16: 2223.1 | F16: 2329.8 | G16: 2446.4 | H16: 2671.9 | I16: 2953.5 | J16: 3406.7 | K16: 3573.9 | L16: 3748.8 | M16: 3929.2 | N16: 4490.2 | O16: 5129.3 | P16: 5810.2
... A22: Хомут широкий | B22: 479.6 | C22: 489.5 | D22: 499.4 | E22: 508.2 | F22: 518.1 | G22: 529.1 | H22: 558.8 | I22: 581.9 | J22: 596.2 | K22: 607.2 | L22: 609.4 | M22: 624.8 | N22: 676.5 | O22: 712.8 | P22: 789.8
A24: Розничный прайс-лист на продукцию ООО "Дымоход - Трейд плюс " от 20.01.2025
A26: Труба без изоляции — Нержавеющая сталь AISI 430 (толщина 0,5 мм)
B27: Ø 100 | C27: Ø 110 | D27: Ø 120 | E27: Ø 130 | F27: Ø 140 | G27: Ø 150 | H27: Ø 160 | I27: Ø 180 | J27: Ø 200 | K27: Ø 210 | L27: Ø 220 | M27: Ø 230 | N27: Ø 250 | O27: Ø 280 | P27: Ø 300
A28: ТрубаL=1000 мм | B28: 968.99 | C28: 1028.445 | D28: 1111.935 | E28: 1163.8 | F28: 1232.11 | G28: 1328.25 | H28: 1419.33 | I28: 1561.01 | J28: 1757.085 | K28: 1874.73 | L28: 1948.1 | M28: 2041.71 | N28: 2163.15 | O28: 2511.025 | P28: 2741.255
A29: Труба L=750 мм | B29: 788.095 | C29: 833.635 | D29: 934.835 | E29: 985.435 | F29: 1057.54 | G29: 1113.2 | H29: 1176.45 | I29: 1401.62 | J29: 1518 | K29: 1619.2 | L29: 1700.16 | M29: 1812.745 | N29: 1948.1 | O29: 2048.035 | P29: 2277
A30: Труба L=500 мм | B30: 608.465 | C30: 680.57 | D30: 741.29 | E30: 788.095 | F30: 909.535 | G30: 961.4 | H30: 1027.18 | I30: 1113.2 | J30: 1214.4 | K30: 1315.6 | L30: 1366.2 | M30: 1416.8 | N30: 1528.12 | O30: 1720.4 | P30: 1872.2
A31: Труба L=350 мм | B31: 514.855 | C31: 561.66 | D31: 647.68 | E31: 698.28 | F31: 784.3 | G31: 842.49 | H31: 898.15 | I31: 982.905 | J31: 1172.655 | K31: 1185.305 | L31: 1228.315 | M31: 1268.795 | N31: 1444.63 | O31: 1579.985 | P31: 1829.19
A32: Труба L=250 мм | B32: 503.47 | C32: 528.77 | D32: 565.455 | E32: 588.225 | F32: 616.055 | G32: 657.8 | H32: 700.81 | I32: 760.265 | J32: 908.27 | K32: 917.125 | L32: 948.75 | M32: 979.11 | N32: 1115.73 | O32: 1211.87 | P32: 1404.15
A33: Труба L=150 мм | B33: 349.14 | C33: 363.055 | D33: 385.825 | E33: 398.475 | F33: 416.185 | G33: 440.22 | H33: 468.05 | I33: 503.47 | J33: 609.73 | K33: 614.79 | L33: 632.5 | M33: 651.475 | N33: 750.145 | O33: 807.07 | P33: 939.895
A34: Отвод 90 гр | B34: 966.46 | C34: 1018.325 | D34: 1113.2 | E34: 1196.69 | F34: 1323.19 | G34: 1418.065 | H34: 1578.72 | I34: 1641.97 | J34: 1864.61 | K34: 1970.87 | L34: 2056.89 | M34: 2153.03 | N34: 2355.43 | O34: 2621.08 | P34: 2863.96
A35: Отвод 45 гр | B35: 858.935 | C35: 967.725 | D35: 1062.6 | E35: 1146.09 | F35: 1272.59 | G35: 1367.465 | H35: 1528.12 | I35: 1591.37 | J35: 1814.01 | K35: 1920.27 | L35: 2006.29 | M35: 2102.43 | N35: 2304.83 | O35: 2570.48 | P35: 2813.36
A36: Зонт | B36: 751.41 | C36: 7972.03 | D36: 869.055 | E36: 947.485 | F36: 1020.855 | G36: 1065.13 | H36: 1181.51 | I36: 1409.21 | J36: 1449.69 | K36: 1549.625 | L36: 1692.57 | M36: 1870.935 | N36: 2233.99 | O36: 2419.945 | P36: 2531.265
A37: Дефлектор | B37: 1128.38 | C37: 1200.485 | D37: 1246.025 | E37: 1404.15 | F37: 1482.58 | G37: 1640.705 | H37: 1746.965 | I37: 2006.29 | J37: 2340.25 | K37: 2531.265 | L37: 2853.84 | M37: 2996.785 | N37: 3549.59 | O37: 3912.645 | P37: 4098.6
A38: Тройник с К/О 90гр | B38: 1720.4 | C38: 1773.53 | D38: 1835.515 | E38: 1900.03 | F38: 1968.34 | G38: 2040.445 | H38: 2067.01 | I38: 2223.87 | J38: 2522.41 | K38: 2614.755 | L38: 2710.895 | M38: 2810.83 | N38: 3168.825 | O38: 3520.495 | P38: 3944.27
A39: Тройник с К/О 45гр | B39: 1955.69 | C39: 2036.65 | D39: 2128.995 | E39: 2226.4 | F39: 2328.865 | G39: 2436.39 | H39: 2646.38 | I39: 2894.32 | J39: 3319.36 | K39: 3467.365 | L39: 3696.33 | M39: 3868.37 | N39: 4413.585 | O39: 5015.725 | P39: 56270.995
... A46: Хомут широкий | B46: 629.97 | C46: 642.62 | D46: 656.535 | E46: 667.92 | F46: 680.57 | G46: 695.75 | H46: 734.965 | I46: 765.325 | J46: 783.035 | K46: 798.215 | L46: 800.745 | M46: 820.985 | N46: 889.295 | O46: 936.1 | P46: 1038.565
A48: Розничный прайс-лист на продукцию ООО "Дымоход - Трейд плюс " от 20.01.2025
A50: Труба без изоляции — Нержавеющая сталь AISI 430 (толщина 0,8 мм)
B51: Ø 100 | C51: Ø 110 | D51: Ø 120 | E51: Ø 130 | F51: Ø 140 | G51: Ø 150 | H51: Ø 160 | I51: Ø 180 | J51: Ø 200 | K51: Ø 210 | L51: Ø 220 | M51: Ø 230 | N51: Ø 250 | O51: Ø 280 | P51: Ø 300
A52: ТрубаL=1000 мм | B52: 1342.165 | C52: 1520.53 | D52: 1593.9 | E52: 1735.58 | F52: 1843.105 | G52: 1994.905 | H52: 2136.585 | I52: 2360.49 | J52: 2646.38 | K52: 2676.74 | L52: 2785.53 | M52: 2894.32 | N52: 3261.17 | O52: 3598.925 | P52: 4151.73
A53: Труба L=750 мм | B53: 1209.34 | C53: 1295.36 | D53: 1414.27 | E53: 1488.905 | F53: 1586.31 | G53: 1722.93 | H53: 1850.695 | I53: 2051.83 | J53: 2452.835 | K53: 2481.93 | L53: 2586.925 | M53: 2690.655 | N53: 3046.12 | O53: 3368.695 | P53: 3902.525
A54: Труба L=500 мм | B54: 1008.205 | C54: 1076.515 | D54: 1294.095 | E54: 1362.405 | F54: 1449.69 | G54: 1572.395 | H54: 1690.04 | I54: 1870.935 | J54: 2173.27 | K54: 2264.35 | L54: 2359.225 | M54: 2452.835 | N54: 2777.94 | O54: 3070.155 | P54: 3557.18
A55: Труба L=350 мм | B55: 898.15 | C55: 952.545 | D55: 1027.18 | E55: 1073.985 | F55: 1135.97 | G55: 1221.99 | H55: 1305.48 | I55: 1433.245 | J55: 1601.49 | K55: 1721.665 | L55: 1787.445 | M55: 1853.225 | N55: 2094.84 | O55: 2299.77 | P55: 2653.97
A56: Труба L=250 мм | B56: 712.195 | C56: 751.41 | D56: 804.54 | E56: 837.43 | F56: 881.705 | G56: 943.69 | H56: 1006.94 | I56: 1096.755 | J56: 1302.95 | K56: 1316.865 | L56: 1363.67 | M56: 1410.475 | N56: 1597.695 | O56: 1744.435 | P56: 2013.88
A57: Труба L=150 мм | B57: 490.82 | C57: 513.59 | D57: 546.48 | E57: 566.72 | F57: 593.285 | G57: 629.97 | H57: 670.45 | I57: 724.845 | J57: 866.525 | K57: 874.115 | L57: 903.21 | M57: 931.04 | N57: 1061.335 | O57: 1149.885 | P57: 1330.78
A58: Отвод 90 гр | B58: 1525.59 | C58: 1631.85 | D58: 1778.59 | E58: 1920.27 | F58: 2039.18 | G58: 2208.69 | H58: 2462.955 | I58: 2719.75 | J58: 3106.84 | K58: 3143.525 | L58: 3271.29 | M58: 3400.32 | N58: 3693.8 | O58: 4080.89 | P58: 4546.41
A59: Отвод 45 гр | B59: 1449.69 | C59: 1555.95 | D59: 1702.69 | E59: 1844.37 | F59: 1963.28 | G59: 2131.525 | H59: 2387.055 | I59: 2643.85 | J59: 3030.94 | K59: 3067.625 | L59: 3195.39 | M59: 3324.42 | N59: 3617.9 | O59: 4004.99 | P59: 4470.51
A60: Тройник с К/О 90гр | B60: 2123.935 | C60: 2265.615 | D60: 2416.15 | E60: 2573.01 | F60: 2739.99 | G60: 2913.295 | H60: 3215.63 | I60: 3619.165 | J60: 4245.34 | K60: 4485.69 | L60: 4733.63 | M60: 4991.69 | N60: 5566 | O60: 5985.98 | P60: 6604.565
A61: Тройник с К/О 45гр | B61: 2301.035 | C61: 2442.715 | D61: 2593.25 | E61: 2751.375 | F61: 2917.09 | G61: 3091.66 | H61: 3400.32 | I61: 3803.855 | J61: 4436.355 | K61: 4676.705 | L61: 4924.645 | M61: 5182.705 | N61: 5967.005 | O61: 6874.01 | P61: 7825.29
A62: Четверник с к/о 90гр | B62: 3058.77 | C62: 3251.05 | D62: 3457.245 | E62: 3672.295 | F62: 3901.26 | G62: 4141.61 | H62: 4561.59 | I62: 5118.19 | J62: 5936.645 | K62: 6269.34 | L62: 6615.95 | M62: 6972.68 | N62: 8002.39 | O62: 9268.655 | P62: 10529.86
A63: Шибер поворотный | B63: 1830.455 | C63: 1859.55 | D63: 1907.62 | E63: 1940.51 | F63: 2049.3 | G63: 2104.96 | H63: 2163.15 | I63: 2258.025 | J63: 2340.25 | K63: 2476.87 | L63: 2679.27 | M63: 2781.735 | N63: 3036 | O63: 3235.87 | P63: 3364.9
... A66: Хомут силовой | B66: 704.605 | C66: 713.46 | D66: 719.785 | E66: 727.375 | F66: 736.23 | G66: 743.82 | H66: 779.24 | I66: 796.95 | J66: 881.705 | K66: 886.765 | L66: 899.415 | M66: 904.475 | N66: 1000.615 | O66: 1024.65 | P66: 1122.055
A68: Розничный прайс-лист на продукцию ООО "Дымоход - Трейд плюс " от 20.01.2025
A70: Труба без изоляции — Нержавеющая сталь AISI 304 (толщина 0,5 мм)
B71: Ø 100 | C71: Ø 110 | D71: Ø 120 | E71: Ø 130 | F71: Ø 140 | G71: Ø 150 | H71: Ø 160 | I71: Ø 180 | J71: Ø 200 | K71: Ø 210 | L71: Ø 220 | M71: Ø 230 | N71: Ø 250 | O71: Ø 280 | P71: Ø 300
A72: ТрубаL=1000 мм | B72: 1210.605 | C72: 1285.24 | D72: 1390.235 | E72: 1454.75 | F72: 1539.505 | G72: 1659.68 | H72: 1774.795 | I72: 1950.63 | J72: 2196.04 | K72: 2344.045 | L72: 2435.125 | M72: 2552.77 | N72: 2703.305 | O72: 3138.465 | P72: 3426.885
A73: Труба L=750 мм | B73: 985.435 | C73: 1042.36 | D73: 1168.86 | E73: 1232.11 | F73: 1321.925 | G73: 1391.5 | H73: 1471.195 | I73: 1752.025 | J73: 1897.5 | K73: 2024 | L73: 2125.2 | M73: 2265.615 | N73: 2435.125 | O73: 2560.36 | P73: 2846.25
A74: Труба L=500 мм | B74: 760.265 | C74: 850.08 | D74: 925.98 | E74: 985.435 | F74: 1137.235 | G74: 1201.75 | H74: 1283.975 | I74: 1391.5 | J74: 1518 | K74: 1644.5 | L74: 1707.75 | M74: 1771 | N74: 1910.15 | O74: 2150.5 | P74: 2340.25
A75: Труба L=350 мм | B75: 643.885 | C75: 702.075 | D75: 809.6 | E75: 872.85 | F75: 980.375 | G75: 1052.48 | H75: 1123.32 | I75: 1228.315 | J75: 1466.135 | K75: 1481.315 | L75: 1535.71 | M75: 1586.31 | N75: 1807.685 | O75: 1974.665 | P75: 2285.855
A76: Труба L=250 мм | B76: 629.97 | C76: 661.595 | D76: 707.135 | E76: 734.965 | F76: 770.385 | G76: 822.25 | H76: 875.38 | I76: 950.015 | J76: 1135.97 | K76: 1146.09 | L76: 1185.305 | M76: 1224.52 | N76: 1394.03 | O76: 1515.47 | P76: 1754.555
A77: Труба L=150 мм | B77: 436.425 | C77: 454.135 | D77: 481.965 | E77: 498.41 | F77: 519.915 | G77: 550.275 | H77: 584.43 | I77: 629.97 | J77: 761.53 | K77: 767.855 | L77: 790.625 | M77: 814.66 | N77: 937.365 | O77: 1009.47 | P77: 1175.185
A78: Отвод 90 гр | B78: 1137.235 | C78: 1272.59 | D78: 1391.5 | E78: 1496.495 | F78: 1653.355 | G78: 1772.265 | H78: 1973.4 | I78: 2053.095 | J78: 2330.13 | K78: 2462.955 | L78: 2570.48 | M78: 2691.92 | N78: 2944.92 | O78: 3276.35 | P78: 3579.95
A79: Отвод 45 гр | B79: 1073.985 | C79: 1209.34 | D79: 1328.25 | E79: 1433.245 | F79: 1590.105 | G79: 1709.015 | H79: 1910.15 | I79: 1989.845 | J79: 2266.88 | K79: 2399.705 | L79: 2507.23 | M79: 2628.67 | N79: 2881.67 | O79: 3213.1 | P79: 3516.7
A80: Зонт | B80: 938.63 | C80: 996.82 | D80: 1086.635 | E80: 1184.04 | F80: 1276.385 | G80: 1330.78 | H80: 1477.52 | I80: 1760.88 | J80: 1812.745 | K80: 1936.715 | L80: 2115.08 | M80: 2338.985 | N80: 2665.355 | O80: 3024.615 | P80: 3163.765
A81: Дефлектор | B81: 1410.475 | C81: 1500.29 | D81: 1557.215 | E81: 1754.555 | F81: 1853.225 | G81: 2050.565 | H81: 2183.39 | I81: 2507.23 | J81: 2925.945 | K81: 3163.765 | L81: 3567.3 | M81: 3745.665 | N81: 4436.355 | O81: 4890.49 | P81: 5123.25
A82: Тройник с К/О 90 | B82: 2024 | C82: 2085.985 | D82: 2159.355 | E82: 2235.255 | F82: 2316.215 | G82: 2400.97 | H82: 2584.395 | I82: 2780.47 | J82: 3152.38 | K82: 3268.76 | L82: 3388.935 | M82: 3514.17 | N82: 3960.715 | O82: 4400.935 | P82: 4930.97
A83: Тройник с К/О 45 | B83: 2443.98 | C83: 2546.445 | D83: 2661.56 | E83: 2783 | F83: 2910.765 | G83: 3044.855 | H83: 3307.975 | I83: 3617.9 | J83: 4149.2 | K83: 4333.89 | L83: 4621.045 | M83: 4834.83 | N83: 5516.665 | O83: 6269.34 | P83: 7089.06
... A90: Хомут широкий | B90: 788.095 | C90: 803.275 | D90: 820.985 | E90: 834.9 | F90: 851.345 | G90: 869.055 | H90: 918.39 | I90: 956.34 | J90: 979.11 | K90: 9988.44 | L90: 1000.615 | M90: 1025.915 | N90: 1111.935 | O90: 1170.125 | P90: 1297.89
A92: Розничный прайс-лист на продукцию ООО "Дымоход - Трейд плюс " от 20.01.2025
A94: Труба без изоляции — Нержавеющая сталь AISI 304 (толщина 0,8 мм)
B95: Ø 100 | C95: Ø 110 | D95: Ø 120 | E95: Ø 130 | F95: Ø 140 | G95: Ø 150 | H95: Ø 160 | I95: Ø 180 | J95: Ø 200 | K95: Ø 210 | L95: Ø 220 | M95: Ø 230 | N95: Ø 250 | O95: Ø 280 | P95: Ø 300
A96: ТрубаL=1000 мм | B96: 1677.39 | C96: 1901.295 | D96: 1992.375 | E96: 2169.475 | F96: 2303.565 | G96: 2493.315 | H96: 2670.415 | I96: 2949.98 | J96: 3307.975 | K96: 3345.925 | L96: 3481.28 | M96: 3617.9 | N96: 4077.095 | O96: 4498.34 | P96: 5189.03
A97: Труба L=750 мм | B97: 1511.675 | C97: 1619.2 | D97: 1768.47 | E97: 1860.815 | F97: 1982.255 | G97: 2153.03 | H97: 2313.685 | I97: 2565.42 | J97: 3066.36 | K97: 3103.045 | L97: 3233.34 | M97: 3363.635 | N97: 3807.65 | O97: 4211.185 | P97: 4877.84
A98: Труба L=500 мм | B98: 1259.94 | C98: 1345.96 | D98: 1617.935 | E98: 1702.69 | F98: 1811.48 | G98: 1965.81 | H98: 2112.55 | I98: 2338.985 | J98: 2715.955 | K98: 2831.07 | L98: 2948.715 | M98: 3066.36 | N98: 3472.425 | O98: 3838.01 | P98: 4446.475
A99: Труба L=350 мм | B99: 1122.055 | C99: 1190.365 | D99: 1283.975 | E99: 1342.165 | F99: 1419.33 | G99: 1526.855 | H99: 1631.85 | I99: 1791.24 | J99: 2002.495 | K99: 2151.765 | L99: 2233.99 | M99: 2316.215 | N99: 2618.55 | O99: 2874.08 | P99: 3318.095
A100: Труба L=250 мм | B100: 890.56 | C100: 938.63 | D100: 1005.675 | E100: 1047.42 | F100: 1101.815 | G100: 1178.98 | H100: 1258.675 | I100: 1371.26 | J100: 1629.32 | K100: 1645.765 | L100: 1705.22 | M100: 1763.41 | N100: 1997.435 | O100: 2180.86 | P100: 2517.35
A101: Труба L=150 мм | B101: 613.525 | C101: 642.62 | D101: 683.1 | E101: 708.4 | F101: 741.29 | G101: 788.095 | H101: 837.43 | I101: 905.74 | J101: 1082.84 | K101: 1092.96 | L101: 1128.38 | M101: 1163.8 | N101: 1326.985 | O101: 1437.04 | P101: 1663.475
A102: Отвод 90 гр | B102: 1906.355 | C102: 2039.18 | D102: 2222.605 | E102: 2400.97 | F102: 2548.975 | G102: 2758.965 | H102: 3079.01 | I102: 3400.32 | J102: 3883.55 | K102: 3929.09 | L102: 4089.745 | M102: 4250.4 | N102: 4617.25 | O102: 5100.48 | P102: 5682.38
A103: Отвод 45 гр | B103: 1811.48 | C103: 1944.305 | D103: 2127.73 | E103: 2306.095 | F103: 2454.1 | G103: 2664.09 | H103: 2984.135 | I103: 3305.445 | J103: 3788.675 | K103: 3834.215 | L103: 3994.87 | M103: 4155.525 | N103: 4522.375 | O103: 5005.605 | P103: 5587.505
A104: Тройник с К/О 90 | B104: 2655.235 | C104: 2832.335 | D104: 3019.555 | E104: 3216.895 | F104: 3424.355 | G104: 3641.935 | H104: 4018.905 | I104: 4523.64 | J104: 5306.675 | K104: 5606.48 | L104: 5916.405 | M104: 6238.98 | N104: 6957.5 | O104: 7482.475 | P104: 8255.39
A105: Тройник с К/О 45 | B105: 2876.61 | C105: 3053.71 | D105: 3242.195 | E105: 3439.535 | F105: 3646.995 | G105: 3864.575 | H105: 4250.4 | I105: 4755.135 | J105: 5545.76 | K105: 5845.565 | L105: 6155.49 | M105: 6478.065 | N105: 7458.44 | O105: 8593.145 | P105: 9782.245
A106: Четверник с К/О 90 | B106: 3822.83 | C106: 4064.445 | D106: 4321.24 | E106: 4590.685 | F106: 4876.575 | G106: 5176.38 | H106: 5701.355 | I106: 6398.37 | J106: 7420.49 | K106: 7836.675 | L106: 8269.305 | M106: 8715.85 | N106: 10002.355 | O106: 11586.135 | P106: 13162.325
A107: Шибер поворотный | B107: 2034.12 | C107: 2065.745 | D107: 2120.14 | E107: 2155.56 | F107: 2277 | G107: 2338.985 | H107: 2545.18 | I107: 2656.5 | J107: 2924.68 | K107: 3095.455 | L107: 3348.455 | M107: 3477.485 | N107: 3795 | O107: 4044.205 | P107: 4206.125
... A110: Хомут силовой | B110: 828.575 | C110: 839.96 | D110: 846.285 | E110: 855.14 | F110: 866.525 | G110: 875.38 | H110: 917.125 | I110: 937.365 | J110: 1037.3 | K110: 1043.625 | L110: 1057.54 | M110: 1063.865 | N110: 1176.45 | O110: 1205.545 | P110: 1320.66
A112: Розничный прайс-лист на продукцию ООО "Дымоход - Трейд плюс " от 20.01.2025
A114: Труба без изоляции — Нержавеющая сталь AISI 321 (толщина 0,5 мм)
B115: Ø 100 | C115: Ø 110 | D115: Ø 120 | E115: Ø 130 | F115: Ø 140 | G115: Ø 150 | H115: Ø 160 | I115: Ø 180 | J115: Ø 200 | K115: Ø 210 | L115: Ø 220 | M115: Ø 230 | N115: Ø 250 | O115: Ø 280 | P115: Ø 300
A116: ТрубаL=1000 мм | B116: 1512.94 | C116: 1606.55 | D116: 1738.11 | E116: 1819.07 | F116: 1924.065 | G116: 2074.6 | H116: 2218.81 | I116: 2438.92 | J116: 2745.05 | K116: 2929.74 | L116: 3043.59 | M116: 3191.595 | N116: 3378.815 | O116: 3922.765 | P116: 4283.29
A117: Труба L=750 мм | B117: 1232.11 | C117: 1302.95 | D117: 1461.075 | E117: 1540.77 | F117: 1652.09 | G117: 1739.375 | H117: 1839.31 | I117: 2189.715 | J117: 2371.875 | K117: 2530 | L117: 2656.5 | M117: 2832.335 | N117: 3043.59 | O117: 3200.45 | P117: 3558.445
A118: Труба L=500 мм | B118: 950.015 | C118: 1062.6 | D118: 1157.475 | E118: 1232.11 | F118: 1421.86 | G118: 1502.82 | H118: 1605.285 | I118: 1739.375 | J118: 1897.5 | K118: 2055.625 | L118: 2049.3 | M118: 2125.2 | N118: 2292.18 | O118: 2580.6 | P118: 2808.3
A119: Труба L=350 мм | B119: 804.54 | C119: 877.91 | D119: 1012 | E119: 1091.695 | F119: 1225.785 | G119: 1315.6 | H119: 1404.15 | I119: 1535.71 | J119: 1832.985 | K119: 1851.96 | L119: 1920.27 | M119: 1983.52 | N119: 2258.025 | O119: 2468.015 | P119: 2857.635
A120: Труба L=250 мм | B120: 788.095 | C120: 827.31 | D120: 884.235 | E120: 918.39 | F120: 962.665 | G120: 1028.445 | H120: 1094.225 | I120: 1187.835 | J120: 1420.595 | K120: 1433.245 | L120: 1481.315 | M120: 1530.65 | N120: 1743.17 | O120: 1894.97 | P120: 2193.51
A121: Труба L=150 мм | B121: 545.215 | C121: 567.985 | D121: 602.14 | E121: 623.645 | F121: 650.21 | G121: 688.16 | H121: 731.17 | I121: 788.095 | J121: 952.545 | K121: 960.135 | L121: 987.965 | M121: 1018.325 | N121: 1171.39 | O121: 1262.47 | P121: 1468.665
A122: Отвод 90 гр | B122: 1421.86 | C122: 1591.37 | D122: 1739.375 | E122: 1870.935 | F122: 2067.01 | G122: 2215.015 | H122: 2466.75 | I122: 2566.685 | J122: 2913.295 | K122: 3079.01 | L122: 3213.1 | M122: 3364.9 | N122: 3681.15 | O122: 4096.07 | P122: 4475.57
A123: Отвод 45 гр | B123: 1342.165 | C123: 1511.675 | D123: 1660.945 | E123: 1791.24 | F123: 1987.315 | G123: 2136.585 | H123: 2388.32 | I123: 2486.99 | J123: 2833.6 | K123: 2999.315 | L123: 3134.67 | M123: 3286.47 | N123: 3602.72 | O123: 4016.375 | P123: 4395.875
A124: Зонт | B124: 1173.92 | C124: 1246.025 | D124: 1358.61 | E124: 1480.05 | F124: 1633.115 | G124: 1663.475 | H124: 1846.9 | I124: 2201.1 | J124: 2265.615 | K124: 2421.21 | L124: 2643.85 | M124: 2923.415 | N124: 3490.135 | O124: 3781.085 | P124: 3954.39
A125: Дефлектор | B125: 1763.41 | C125: 1875.995 | D125: 1946.835 | E125: 2193.51 | F125: 2316.215 | G125: 2562.89 | H125: 2729.87 | I125: 3134.67 | J125: 3657.115 | K125: 3954.39 | L125: 4459.125 | M125: 4681.765 | N125: 5545.76 | O125: 6113.745 | P125: 6404.695
A126: Тройник с К/О 90 | B126: 2530 | C126: 2607.165 | D126: 2699.51 | E126: 2794.385 | F126: 2895.585 | G126: 3001.845 | H126: 3230.81 | I126: 3476.22 | J126: 3940.475 | K126: 4085.95 | L126: 4236.485 | M126: 4393.345 | N126: 4951.21 | O126: 5501.485 | P126: 6164.345
A127: Тройник с К/О 45 | B127: 3054.975 | C127: 3182.74 | D127: 3326.95 | E127: 3478.75 | F127: 3638.14 | G127: 3806.385 | H127: 4135.285 | I127: 4522.375 | J127: 5186.5 | K127: 5417.995 | L127: 5775.99 | M127: 6044.17 | N127: 6895.515 | O127: 7836.675 | P127: 8861.325
... A134: Хомут широкий | B134: 985.435 | C134: 1004.41 | D134: 1025.915 | E134: 1043.625 | F134: 1063.865 | G134: 1086.635 | H134: 1148.62 | I134: 1195.425 | J134: 1224.52 | K134: 1247.29 | L134: 1251.085 | M134: 1282.71 | N134: 1390.235 | O134: 1462.34 | P134: 1622.995
A136: Розничный прайс-лист на продукцию ООО "Дымоход - Трейд плюс " от 20.01.2025
A138: Труба без изоляции — Нержавеющая сталь AISI 321 (толщина 0,8мм)
B139: Ø 100 | C139: Ø 110 | D139: Ø 120 | E139: Ø 130 | F139: Ø 140 | G139: Ø 150 | H139: Ø 160 | I139: Ø 180 | J139: Ø 200 | K139: Ø 210 | L139: Ø 220 | M139: Ø 230 | N139: Ø 250 | O139: Ø 280 | P139: Ø 300
A140: ТрубаL=1000 мм | B140: 2097.37 | C140: 2376.935 | D140: 2490.785 | E140: 2712.16 | F140: 2879.14 | G140: 3116.96 | H140: 3338.335 | I140: 3687.475 | J140: 4135.285 | K140: 4182.09 | L140: 4351.6 | M140: 4522.375 | N140: 5096.685 | O140: 5622.925 | P140: 6486.92
...

Sheet 50 изоляция
A1: Розничный прайс-лист на продукцию ООО "Дымоход - Трейд плюс " от 20.01.2025
K2: 50мм
A4: Внутренняя труба — ОЦИНКОВКА
A5: Наружный кожух — ОЦИНКОВКА
A6: Изоляция — Rockwool Wired Mat 105 (толщина 50мм)
B7: Ø 100/200 | C7: Ø 110/210 | D7: Ø 120/220 | E7: Ø 130/230 | F7: Ø 140/240 | G7: Ø 150/250 | H7: Ø 160/260 | I7: Ø 180/280 | J7: Ø 200/300 | K7: Ø 250/350 | L7: Ø 280/380 | M7: Ø 300/400
A8: Труба L=1000мм | B8: 1996.5 | C8: 2100.56 | D8: 2305.05 | E8: 2398.22 | F8: 2631.75 | G8: 2816.88 | H8: 2994.75 | I8: 3222.23 | J8: 3643.31 | K8: 4276.14 | L8: 4656.08 | M8: 4910.18
A9: Труба L=750 мм | B9: 1703.68 | C9: 1815 | D9: 1948.1 | E9: 2107.82 | F9: 2251.81 | G9: 2365.55 | H9: 2429.68 | I9: 2594.24 | J9: 2914.89 | K9: 3395.26 | L9: 3683.24 | M9: 3875.63
A10: Труба L=500 мм | B10: 1396.34 | C10: 1490.72 | D10: 1588.73 | E10: 1726.67 | F10: 1822.26 | G10: 1995.29 | H10: 2038.85 | I10: 2147.75 | J10: 2369.18 | K10: 2694.67 | L10: 2889.48 | M10: 3020.16
A11: Труба L=350 мм | B11: 1157.97 | C11: 1277.76 | D11: 1347.94 | E11: 1392.71 | F11: 1522.18 | G11: 1595.99 | H11: 1628.66 | I11: 1748.45 | J11: 1911.8 | K11: 2340.14 | L11: 2543.42 | M11: 2665.63
A12: Труба L=250 мм | B12: 993.41 | C12: 1035.76 | D12: 1082.95 | E12: 1114.41 | F12: 1205.16 | G12: 1353.99 | H12: 1375.77 | I12: 1458.05 | J12: 1639.55 | K12: 1886.39 | L12: 2035.22 | M12: 2123.55
A13: Труба L=150 мм | B13: 832.48 | C13: 879.67 | D13: 907.5 | E13: 928.07 | F13: 982.52 | G13: 1023.66 | H13: 1036.97 | I13: 1087.79 | J13: 1203.95 | K13: 1353.99 | L13: 1444.74 | M13: 1497.98
A14: Отвод 90 гр | B14: 2296.58 | C14: 2429.68 | D14: 2563.99 | E14: 2706.77 | F14: 2752.75 | G14: 2888.27 | H14: 3131.48 | I14: 3494.48 | J14: 4115.21 | K14: 5043.28 | L14: 5599.88 | M14: 5970.14
A15: Отвод 45 гр | B15: 2115.08 | C15: 2248.18 | D15: 2382.49 | E15: 2525.27 | F15: 2571.25 | G15: 2706.77 | H15: 2949.98 | I15: 3312.98 | J15: 3933.71 | K15: 4861.78 | L15: 5418.38 | M15: 5788.64
A16: Тройник с К/О 90гр | B16: 3495.69 | C16: 3632.42 | D16: 3840.54 | E16: 3959.12 | F16: 4126.1 | G16: 4411.66 | H16: 4668.18 | I16: 5210.26 | J16: 5567.21 | K16: 6874.01 | L16: 7658.09 | M16: 8180.81
A17: Тройник с К/О 45гр | B17: 4245.89 | C17: 4363.26 | D17: 4550.81 | E17: 4964.63 | F17: 5120.72 | G17: 5682.16 | H17: 6148.01 | I17: 6688.88 | J17: 7808.13 | K17: 9146.39 | L17: 9949.83 | M17: 10431.41
A18: Четверник с К/О 90гр | B18: 7885.57 | C18: 8131.2 | D18: 8338.11 | E18: 8569.22 | F18: 8830.58 | G18: 9422.27 | H18: 9736.87 | I18: 10413.26 | J18: 11678.92 | K18: 13771.01 | L18: 15026.99 | M18: 9256.5
A19: Заглушка опорная | B19: 955.9 | C19: 975.26 | D19: 1045.44 | E19: 1159.18 | F19: 1245.09 | G19: 1320.11 | H19: 1433.85 | I19: 1481.04 | J19: 1655.28 | K19: 1894.86 | L19: 2037.64 | M19: 2122.34
... A22: Зонт-конус | B22: 1415.7 | C22: 1464.1 | D22: 1635.92 | E22: 1677.06 | F22: 1790.8 | G22: 2064.26 | H22: 2167.11 | I22: 2380.07 | J22: 2551.89 | K22: 3106.07 | L22: 3438.82 | M22: 3638.47
A24: Розничный прайс-лист на продукцию ООО "Дымоход - Трейд плюс " от 20.01.2025
K25: 50мм
A27: Внутренняя труба — ОЦИНКОВКА
A28: Наружный кожух — Нержавеющая сталь AISI 430 (толщина 0,5мм)
A29: Изоляция — Rockwool Wired Mat 105 (толщина 50мм)
B30: Ø 100/200 | C30: Ø 110/210 | D30: Ø 120/220 | E30: Ø 130/230 | F30: Ø 140/240 | G30: Ø 150/250 | H30: Ø 160/260 | I30: Ø 180/280 | J30: Ø 200/300 | K30: Ø 250/350 | L30: Ø 280/380 | M30: Ø 300/400
A31: Труба L=1000мм | B31: 2614.755 | C31: 2659.03 | D31: 2848.78 | E31: 3080.275 | F31: 3320.625 | G31: 3463.57 | H31: 3631.815 | I31: 3984.75 | J31: 4364.25 | K31: 5313 | L31: 5882.25 | M31: 6261.75
A32: Труба L=750 мм | B32: 2142.91 | C32: 2306.095 | D32: 2503.435 | E32: 2678.005 | F32: 2837.395 | G32: 2974.015 | H32: 3143.525 | I32: 3591.335 | J32: 3696.33 | K32: 4554 | L32: 4952.475 | M32: 5240.895
A33: Труба L=500 мм | B33: 1669.8 | C33: 1810.215 | D33: 1973.4 | E33: 2121.405 | F33: 2322.54 | G33: 2466.75 | H33: 2564.155 | I33: 2785.53 | J33: 3036 | K33: 3700.125 | L33: 4098.6 | M33: 4364.25
A34: Труба L=350 мм | B34: 1386.44 | C34: 1512.94 | D34: 1654.62 | E34: 1787.445 | F34: 1926.595 | G34: 1992.375 | H34: 2094.84 | I34: 2244.11 | J34: 2466.75 | K34: 2971.485 | L34: 3273.82 | M34: 3476.22
A35: Труба L=250 мм | B35: 1315.6 | C35: 1330.78 | D35: 1387.705 | E35: 1429.45 | F35: 1535.71 | G35: 1610.345 | H35: 1641.97 | I35: 1748.23 | J35: 1979.725 | K35: 2279.53 | L35: 2457.895 | M35: 2578.07
A36: Труба L=150 мм | B36: 1003.145 | C36: 1012 | D36: 1046.155 | E36: 1070.19 | F36: 1132.175 | G36: 1184.04 | H36: 1203.015 | I36: 1349.755 | J36: 1495.23 | K36: 1679.92 | L36: 1789.975 | M36: 1863.345
A37: Отвод 90 гр | B37: 2958.835 | C37: 3199.185 | D37: 3345.925 | E37: 3692.535 | F37: 3934.15 | G37: 4182.09 | H37: 4419.91 | I37: 4956.27 | J37: 5505.28 | K37: 6903.105 | L37: 7608.975 | M37: 7972.03
A38: Отвод 45 гр | B38: 2769.085 | C38: 3009.435 | D38: 3156.175 | E38: 3502.785 | F38: 3676.09 | G38: 3992.34 | H38: 4230.16 | I38: 4766.52 | J38: 5315.53 | K38: 6713.355 | L38: 7419.225 | M38: 7782.28
A39: Тройник с К/О 90гр | B39: 3784.88 | C39: 4040.41 | D39: 4369.31 | E39: 4609.66 | F39: 4666.585 | G39: 4981.57 | H39: 5261.135 | I39: 5884.78 | J39: 6355.36 | K39: 7805.05 | L39: 8674.105 | M39: 9254.74
A40: Тройник с К/О 45гр | B40: 4796.88 | C40: 5042.29 | D40: 5268.725 | E40: 5644.43 | F40: 5939.175 | G40: 6586.855 | H40: 7302.845 | I40: 8044.135 | J40: 9224.38 | K40: 10894.18 | L40: 11896.06 | M40: 12498.2
A41: Четверник с К/О 90гр | B41: 8677.9 | C41: 8970.115 | D41: 9220.585 | E41: 9497.62 | F41: 9807.545 | G41: 10489.38 | H41: 10857.495 | I41: 11650.65 | J41: 13095.28 | K41: 15577.21 | L41: 17067.38 | M41: 18103.415
A42: Заглушка опорная | B42: 1110.67 | C42: 1133.44 | D42: 1214.4 | E42: 1345.96 | F42: 1445.895 | G42: 1534.445 | H42: 1666.005 | I42: 1720.4 | J42: 1922.8 | K42: 2199.835 | L42: 2365.55 | M42: 2466.75
... A46: Дефлектор-конус | B46: 2099.9 | C46: 2155.56 | D46: 2330.13 | E46: 2530 | F46: 2681.8 | G46: 2876.61 | H46: 3079.01 | I46: 3388.935 | J46: 3734.28 | K46: 3997.4 | L46: 4034.085 | M46: 4163
A48: Розничный прайс-лист на продукцию ООО "Дымоход - Трейд плюс " от 20.01.2025
K49: 50мм
A51: Внутренняя труба — Нержавеющая сталь AISI 430 (толщина 0,5мм)
A52: Наружный кожух — Оцинковка
A53: Изоляция — Rockwool Wired Mat 105 (толщина 50мм)
B54: Ø 100/200 | C54: Ø 110/210 | D54: Ø 120/220 | E54: Ø 130/230 | F54: Ø 140/240 | G54: Ø 150/250 | H54: Ø 160/260 | I54: Ø 180/280 | J54: Ø 200/300 | K54: Ø 250/350 | L54: Ø 280/380 | M54: Ø 300/400
A55: Труба L=1000мм | B55: 2262.7 | C55: 2417.58 | D55: 2612.39 | E55: 2717.66 | F55: 2982.65 | G55: 3191.98 | H55: 3394.05 | I55: 3651.78 | J55: 4128.52 | K55: 4846.05 | L55: 5276.81 | M55: 5564.79
A56: Труба L=750 мм | B56: 1929.95 | C56: 2057 | D56: 2207.04 | E56: 2388.54 | F56: 2551.89 | G56: 2681.36 | H56: 2752.75 | I56: 2940.3 | J56: 3303.3 | K56: 3847.8 | L56: 4173.29 | M56: 4392.3
A57: Труба L=500 мм | B57: 1582.68 | C57: 1690.37 | D57: 1800.48 | E57: 1956.57 | F57: 2065.47 | G57: 2261.49 | H57: 2309.89 | I57: 2434.52 | J57: 2684.99 | K57: 3054.04 | L57: 3274.26 | M57: 3423.09
A58: Труба L=350 мм | B58: 1312.85 | C58: 1448.37 | D58: 1527.02 | E58: 1579.05 | F58: 1724.25 | G58: 1807.74 | H58: 1845.25 | I58: 1981.98 | J58: 2165.9 | K58: 2652.32 | L58: 2883.43 | M58: 3020.16
A59: Труба L=250 мм | B59: 1055.12 | C59: 1173.7 | D59: 1226.94 | E59: 1263.24 | F59: 1366.09 | G59: 1534.28 | H59: 1559.69 | I59: 1652.86 | J59: 1858.56 | K59: 2138.07 | L59: 2306.26 | M59: 2406.69
A60: Труба L=150 мм | B60: 884.51 | C60: 997.04 | D60: 1028.5 | E60: 1051.49 | F60: 1113.2 | G60: 1160.39 | H60: 1176.12 | I60: 1231.78 | J60: 1363.67 | K60: 1534.28 | L60: 1637.13 | M60: 1697.63
A61: Отвод 90 гр | B61: 2602.71 | C61: 2752.75 | D61: 2905.21 | E61: 3068.56 | F61: 3119.38 | G61: 3274.26 | H61: 3548.93 | I61: 3960.33 | J61: 4664.55 | K61: 5714.83 | L61: 6346.45 | M61: 6766.32
A62: Отвод 45 гр | B62: 2397.01 | C62: 2547.05 | D62: 2699.51 | E62: 2862.86 | F62: 2913.68 | G62: 3068.56 | H62: 3343.23 | I62: 3754.63 | J62: 4458.85 | K62: 5509.13 | L62: 6140.75 | M62: 6560.62
A63: Тройник с К/О 90гр | B63: 3713.49 | C63: 3859.9 | D63: 4080.12 | E63: 4487.89 | F63: 4676.65 | G63: 4999.72 | H63: 5290.12 | I63: 5904.8 | J63: 6310.15 | K63: 7791.19 | L63: 8679.33 | M63: 9272.23
A64: Тройник с К/О 45гр | B64: 4812.17 | C64: 4945.27 | D64: 5157.02 | E64: 5626.5 | F64: 5804.37 | G64: 6439.62 | H64: 6968.39 | I64: 7580.65 | J64: 8848.73 | K64: 10366.07 | L64: 11275.99 | M64: 11822.91
A65: Четверник с К/О 90гр | B65: 8937.06 | C65: 9215.36 | D65: 9450.1 | E65: 9712.67 | F65: 10007.91 | G65: 10679.46 | H65: 11035.2 | I65: 11802.34 | J65: 13236.19 | K65: 15607.79 | L65: 17030.75 | M65: 10490.7
A66: Заглушка опорная | B66: 1015.19 | C66: 1036.97 | D66: 1110.78 | E66: 1230.57 | F66: 1322.53 | G66: 1402.39 | H66: 1523.39 | I66: 1574.21 | J66: 1759.34 | K66: 2012.23 | L66: 2164.69 | M66: 2255.44
... A69: Зонт-конус | B69: 1504.03 | C69: 1556.06 | D69: 1738.77 | E69: 1781.12 | F69: 1903.33 | G69: 2193.73 | H69: 2302.63 | I69: 2528.9 | J69: 2711.61 | K69: 3300.88 | L69: 3654.2 | M69: 3865.95
A71: Розничный прайс-лист на продукцию ООО "Дымоход - Трейд плюс " от 20.01.2025
K72: 50мм
A74: Внутренняя труба — Нержавеющая сталь AISI 430 (толщина 0,8мм)
A75: Наружный кожух — Оцинковка
A76: Изоляция — Rockwool Wired Mat 105 (толщина 50мм)
B77: Ø 100/200 | C77: Ø 110/210 | D77: Ø 120/220 | E77: Ø 130/230 | F77: Ø 140/240 | G77: Ø 150/250 | H77: Ø 160/260 | I77: Ø 180/280 | J77: Ø 200/300 | K77: Ø 250/350 | L77: Ø 280/380 | M77: Ø 300/400
A78: Труба L=1000мм | B78: 2726.13 | C78: 2859.23 | D78: 3103.65 | E78: 3466.65 | F78: 3599.75 | G78: 3694.13 | H78: 4478.21 | I78: 4702.06 | J78: 4933.17 | K78: 6273.85 | L78: 7078.5 | M78: 7614.53
A79: Труба L=750 мм | B79: 2262.7 | C79: 2410.32 | D79: 2641.43 | E79: 2982.65 | F79: 3085.5 | G79: 3178.67 | H79: 3809.08 | I79: 4011.15 | J79: 4161.19 | K79: 5348.2 | L79: 6059.68 | M79: 6535.21
A80: Труба L=500 мм | B80: 1877.92 | C80: 1954.15 | D80: 2159.85 | E80: 2403.06 | F80: 2520.43 | G80: 2571.25 | H80: 3141.16 | I80: 3309.35 | J80: 3437.61 | K80: 4492.73 | L80: 5125.56 | M80: 5547.85
A81: Труба L=350 мм | B81: 1513.71 | C81: 1545.17 | D81: 1709.73 | E81: 2018.28 | F81: 2090.88 | G81: 2159.85 | H81: 2458.72 | I81: 2648.69 | J81: 3032.26 | K81: 3562.24 | L81: 3879.26 | M81: 4069.23
A82: Труба L=250 мм | B82: 1234.2 | C82: 1339.47 | D82: 1439.9 | E82: 1566.95 | F82: 1710.94 | G82: 1881.55 | H82: 1933.58 | I82: 2069.1 | J82: 2349.82 | K82: 2734.6 | L82: 2965.71 | M82: 3103.65
A83: Труба L=150 мм | B83: 1066.01 | C83: 1107.15 | D83: 1230.57 | E83: 1260.82 | F83: 1347.94 | G83: 1398.76 | H83: 1426.59 | I83: 1504.03 | J83: 1675.85 | K83: 1909.38 | L83: 2048.53 | M83: 2133.23
A84: Отвод 90 гр | B84: 2889.48 | C84: 3159.31 | D84: 3533.2 | E84: 3819.97 | F84: 4199.91 | G84: 4700.85 | H84: 5206.63 | I84: 5389.34 | J84: 6064.52 | K84: 7848.06 | L84: 8918.91 | M84: 9632.81
A85: Отвод 45 гр | B85: 2683.78 | C85: 2953.61 | D85: 3327.5 | E85: 3614.27 | F85: 3994.21 | G85: 4495.15 | H85: 5000.93 | I85: 5183.64 | J85: 5858.82 | K85: 7642.36 | L85: 8713.21 | M85: 9427.11
A86: Тройник с К/О 90гр | B86: 4167.24 | C86: 4483.05 | D86: 4854.52 | E86: 5252.61 | F86: 5511.55 | G86: 5941.1 | H86: 6195.2 | I86: 6771.16 | J86: 7595.17 | K86: 8546.23 | L86: 9117.35 | M86: 9498.5
A87: Тройник с К/О 45гр | B87: 5546.64 | C87: 5885.44 | D87: 6076.62 | E87: 6443.25 | F87: 6737.28 | G87: 7449.97 | H87: 7910.98 | I87: 8938.27 | J87: 10634.69 | K87: 12902.23 | L87: 14263.48 | M87: 15080.23
A88: Четверник с К/О 90гр | B88: 10234.18 | C88: 10566.93 | D88: 10837.97 | E88: 11146.52 | F88: 11496.21 | G88: 12287.55 | H88: 12713.47 | I88: 13635.49 | J88: 15214.54 | K88: 17886.22 | L88: 19490.68 | M88: 20451.42
A89: Заглушка опорная | B89: 1196.69 | C89: 1219.68 | D89: 1245.09 | E89: 1372.14 | F89: 1497.98 | G89: 1566.95 | H89: 1697.63 | I89: 1752.08 | J89: 1931.16 | K89: 2148.96 | L89: 2279.64 | M89: 2357.08
... A92: Шибер поворотный | B92: 2808.41 | C92: 2844.71 | D92: 2925.78 | E92: 3205.29 | F92: 3386.79 | G92: 3672.35 | H92: 3724.38 | I92: 3867.16 | J92: 4179.34 | K92: 4885.98 | L92: 5310.69 | M92: 5564.79
A94: Розничный прайс-лист на продукцию ООО "Дымоход - Трейд плюс " от 20.01.2025
K95: 50мм
A97: Внутренняя труба — Нержавеющая сталь AISI 430 (толщина 0,5мм)
A98: Наружный кожух — Нержавеющая сталь AISI 430 (толщина 0,5мм)
A99: Изоляция — Rockwool Wired Mat 105 (толщина 50мм)
B100: Ø 100/200 | C100: Ø 110/210 | D100: Ø 120/220 | E100: Ø 130/230 | F100: Ø 140/240 | G100: Ø 150/250 | H100: Ø 160/260 | I100: Ø 180/280 | J100: Ø 200/300 | K100: Ø 250/350 | L100: Ø 280/380 | M100: Ø 300/400
A101: Труба L=1000мм | B101: 2963.895 | C101: 3013.23 | D101: 3229.545 | E101: 3490.135 | F101: 3763.375 | G101: 3925.295 | H101: 4116.31 | I101: 4516.05 | J101: 4946.15 | K101: 6021.4 | L101: 6666.55 | M101: 7096.65
A102: Труба L=750 мм | B102: 2428.8 | C102: 2613.49 | D102: 2837.395 | E102: 3036 | F102: 3215.63 | G102: 3369.96 | H102: 3562.24 | I102: 4069.505 | J102: 4189.68 | K102: 5161.2 | L102: 5612.805 | M102: 5939.175
A103: Труба L=500 мм | B103: 1892.44 | C103: 2051.83 | D103: 2236.52 | E103: 2404.765 | F103: 2632.465 | G103: 2795.65 | H103: 2906.97 | I103: 3157.44 | J103: 3440.8 | K103: 4193.475 | L103: 4645.08 | M103: 4946.15
A104: Труба L=350 мм | B104: 1571.13 | C104: 1714.075 | D104: 1874.73 | E104: 2025.265 | F104: 2183.39 | G104: 2258.025 | H104: 2374.405 | I104: 2542.65 | J104: 2795.65 | K104: 3367.43 | L104: 3710.245 | M104: 3939.21
A105: Труба L=250 мм | B105: 1490.17 | C105: 1509.145 | D105: 1573.66 | E105: 1619.2 | F105: 1739.375 | G105: 1824.13 | H105: 1860.815 | I105: 1982.255 | J105: 2244.11 | K105: 2583.13 | L105: 2785.53 | M105: 2920.885
A106: Труба L=150 мм | B106: 1135.97 | C106: 1147.355 | D106: 1185.305 | E106: 1213.135 | F106: 1282.71 | G106: 1342.165 | H106: 1363.67 | I106: 1529.385 | J106: 1695.1 | K106: 1903.825 | L106: 2027.795 | M106: 2111.285
A107: Отвод 90 гр | B107: 3352.25 | C107: 3625.49 | D107: 3792.47 | E107: 4184.62 | F107: 4457.86 | G107: 4739.955 | H107: 5008.135 | I107: 5616.6 | J107: 6238.98 | K107: 7824.025 | L107: 8623.505 | M107: 9034.63
A108: Отвод 45 гр | B108: 3137.2 | C108: 3410.44 | D108: 3577.42 | E108: 3969.57 | F108: 4242.81 | G108: 4524.905 | H108: 4793.085 | I108: 5401.55 | J108: 6023.93 | K108: 7608.975 | L108: 8408.455 | M108: 8819.58
A109: Тройник с К/О 90гр | B109: 4021.435 | C109: 4292.145 | D109: 4641.285 | E109: 5223.185 | F109: 5287.7 | G109: 5645.695 | H109: 5961.945 | I109: 6631.13 | J109: 7201.645 | K109: 8844.88 | L109: 9831.58 | M109: 10488.115
A110: Тройник с К/О 45гр | B110: 5436.97 | C110: 5714.005 | D110: 5970.8 | E110: 6397.105 | F110: 6731.065 | G110: 7466.03 | H110: 8275.63 | I110: 9116.855 | J110: 10455.225 | K110: 12347.665 | L110: 13482.37 | M110: 14164.205
A111: Четверник с К/О 90гр | B111: 9835.375 | C111: 10165.54 | D111: 10448.9 | E111: 10763.885 | F111: 11114.29 | G111: 11888.47 | H111: 12304.655 | I111: 13204.07 | J111: 14840.98 | K111: 17654.34 | L111: 19343.115 | M111: 20517.035
A112: Заглушка опорная | B112: 1178.98 | C112: 1204.28 | D112: 1290.3 | E112: 1430.715 | F112: 1536.975 | G112: 1630.585 | H112: 1769.735 | I112: 1827.925 | J112: 2042.975 | K112: 2337.72 | L112: 2513.555 | M112: 2619.815
... A116: Дефлектор-конус | B116: 2231.46 | C116: 2290.915 | D116: 2476.87 | E116: 2688.125 | F116: 2850.045 | G116: 3224.485 | H116: 3523.025 | I116: 3822.83 | J116: 4180.825 | K116: 5075.18 | L116: 5611.54 | M116: 5969.535
A118: Розничный прайс-лист на продукцию ООО "Дымоход - Трейд плюс " от 20.01.2025
K119: 50мм
A121: Внутренняя труба — Нержавеющая сталь AISI 430 (толщина 0,8мм)
A122: Наружный кожух — Нержавеющая сталь AISI 430 (толщина 0,5мм)
A123: Изоляция — Rockwool Wired Mat 105 (толщина 50мм)
...

Sheet 30 изоляция
A1: Розничный прайс-лист на продукцию ООО "Дымоход - Трейд плюс " от 20.01.2025
K2: 30мм
A4: Внутренняя труба — ОЦИНКОВКА
A5: Наружный кожух — ОЦИНКОВКА
A6: Изоляция — Rockwool Wired Mat 105 (толщина 30мм)
B7: Ø 100/160 | C7: Ø 110/170 | D7: Ø 120/180 | E7: Ø 130/190 | F7: Ø 140/200 | G7: Ø 150/210 | H7: Ø 160/220 | I7: Ø 180/240 | J7: Ø 200/260 | K7: Ø 250/310 | L7: Ø 280/340 | M7: Ø 300/360
A8: Труба L=1000мм | B8: ='50 изоляция'!B8*0.9 -> 1796.85 | C8: ='50 изоляция'!C8*0.9 -> 1890.504 | D8: ='50 изоляция'!D8*0.9 -> 2074.545 | E8: ='50 изоляция'!E8*0.9 -> 2158.398 | F8: ='50 изоляция'!F8*0.9 -> 2368.575 | G8: ='50 изоляция'!G8*0.9 -> 2535.192 | H8: ='50 изоляция'!H8*0.9 -> 2695.275 | I8: ='50 изоляция'!I8*0.9 -> 2900.007 | ... M8: ='50 изоляция'!M8*0.9 -> 4419.162
A9: Труба L=750 мм | B9: ='50 изоляция'!B9*0.9 -> 1533.312 | C9: ='50 изоляция'!C9*0.9 -> 1633.5 | D9: ='50 изоляция'!D9*0.9 -> 1753.29 | E9: ='50 изоляция'!E9*0.9 -> 1897.038 | F9: ='50 изоляция'!F9*0.9 -> 2026.629 | G9: ='50 изоляция'!G9*0.9 -> 2128.995 | H9: ='50 изоляция'!H9*0.9 -> 2186.712 | I9: ='50 изоляция'!I9*0.9 -> 2334.816 | ... M9: ='50 изоляция'!M9*0.9 -> 3488.067
A10: Труба L=500 мм | B10: ='50 изоляция'!B10*0.9 -> 1256.706 | C10: ='50 изоляция'!C10*0.9 -> 1341.648 | D10: ='50 изоляция'!D10*0.9 -> 1429.857 | E10: ='50 изоляция'!E10*0.9 -> 1554.003 | F10: ='50 изоляция'!F10*0.9 -> 1640.034 | G10: ='50 изоляция'!G10*0.9 -> 1795.761 | H10: ='50 изоляция'!H10*0.9 -> 1834.965 | I10: ='50 изоляция'!I10*0.9 -> 1932.975 | ... M10: ='50 изоляция'!M10*0.9 -> 2718.144
A11: Труба L=350 мм | B11: ='50 изоляция'!B11*0.9 -> 1042.173 | C11: ='50 изоляция'!C11*0.9 -> 1149.984 | D11: ='50 изоляция'!D11*0.9 -> 1213.146 | E11: ='50 изоляция'!E11*0.9 -> 1253.439 | F11: ='50 изоляция'!F11*0.9 -> 1369.962 | G11: ='50 изоляция'!G11*0.9 -> 1436.391 | H11: ='50 изоляция'!H11*0.9 -> 1465.794 | I11: ='50 изоляция'!I11*0.9 -> 1573.605 | ... M11: ='50 изоляция'!M11*0.9 -> 2399.067
A12: Труба L=250 мм | B12: ='50 изоляция'!B12*0.9 -> 894.069 | C12: ='50 изоляция'!C12*0.9 -> 932.184 | D12: ='50 изоляция'!D12*0.9 -> 974.655 | E12: ='50 изоляция'!E12*0.9 -> 1002.969 | F12: ='50 изоляция'!F12*0.9 -> 1084.644 | G12: ='50 изоляция'!G12*0.9 -> 1218.591 | H12: ='50 изоляция'!H12*0.9 -> 1238.193 | I12: ='50 изоляция'!I12*0.9 -> 1312.245 | ... M12: ='50 изоляция'!M12*0.9 -> 1911.195
A13: Труба L=150 мм | B13: ='50 изоляция'!B13*0.9 -> 749.232 | C13: ='50 изоляция'!C13*0.9 -> 791.703 | D13: ='50 изоляция'!D13*0.9 -> 816.75 | E13: ='50 изоляция'!E13*0.9 -> 835.263 | F13: ='50 изоляция'!F13*0.9 -> 884.268 | G13: ='50 изоляция'!G13*0.9 -> 921.294 | H13: ='50 изоляция'!H13*0.9 -> 933.273 | I13: ='50 изоляция'!I13*0.9 -> 979.011 | ... M13: ='50 изоляция'!M13*0.9 -> 1348.182
A14: Отвод 90 гр | B14: ='50 изоляция'!B14*0.9 -> 2066.922 | C14: ='50 изоляция'!C14*0.9 -> 2186.712 | D14: ='50 изоляция'!D14*0.9 -> 2307.591 | E14: ='50 изоляция'!E14*0.9 -> 2436.093 | F14: ='50 изоляция'!F14*0.9 -> 2477.475 | G14: ='50 изоляция'!G14*0.9 -> 2599.443 | H14: ='50 изоляция'!H14*0.9 -> 2818.332 | I14: ='50 изоляция'!I14*0.9 -> 3145.032 | ... M14: ='50 изоляция'!M14*0.9 -> 5373.126
A15: Отвод 45 гр | B15: ='50 изоляция'!B15*0.9 -> 1903.572 | C15: ='50 изоляция'!C15*0.9 -> 2023.362 | D15: ='50 изоляция'!D15*0.9 -> 2144.241 | E15: ='50 изоляция'!E15*0.9 -> 2272.743 | F15: ='50 изоляция'!F15*0.9 -> 2314.125 | G15: ='50 изоляция'!G15*0.9 -> 2436.093 | H15: ='50 изоляция'!H15*0.9 -> 2654.982 | I15: ='50 изоляция'!I15*0.9 -> 2981.682 | ... M15: ='50 изоляция'!M15*0.9 -> 5209.776
A16: Тройник с К/О 90гр | B16: ='50 изоляция'!B16*0.9 -> 3146.121 | C16: ='50 изоляция'!C16*0.9 -> 3269.178 | D16: ='50 изоляция'!D16*0.9 -> 3456.486 | E16: ='50 изоляция'!E16*0.9 -> 3563.208 | F16: ='50 изоляция'!F16*0.9 -> 3713.49 | G16: ='50 изоляция'!G16*0.9 -> 3970.494 | H16: ='50 изоляция'!H16*0.9 -> 4201.362 | I16: ='50 изоляция'!I16*0.9 -> 4689.234 | ... M16: ='50 изоляция'!M16*0.9 -> 7362.729
A17: Тройник с К/О 45гр | B17: ='50 изоляция'!B17*0.9 -> 3821.301 | C17: ='50 изоляция'!C17*0.9 -> 3926.934 | D17: ='50 изоляция'!D17*0.9 -> 4095.729 | E17: ='50 изоляция'!E17*0.9 -> 4468.167 | F17: ='50 изоляция'!F17*0.9 -> 4608.648 | G17: ='50 изоляция'!G17*0.9 -> 5113.944 | H17: ='50 изоляция'!H17*0.9 -> 5533.209 | I17: ='50 изоляция'!I17*0.9 -> 6019.992 | ... M17: ='50 изоляция'!M17*0.9 -> 9388.269
A18: Четверник с К/О 90гр | B18: ='50 изоляция'!B18*0.9 -> 7097.013 | C18: ='50 изоляция'!C18*0.9 -> 7318.08 | D18: ='50 изоляция'!D18*0.9 -> 7504.299 | E18: ='50 изоляция'!E18*0.9 -> 7712.298 | F18: ='50 изоляция'!F18*0.9 -> 7947.522 | G18: ='50 изоляция'!G18*0.9 -> 8480.043 | H18: ='50 изоляция'!H18*0.9 -> 8763.183 | I18: ='50 изоляция'!I18*0.9 -> 9371.934 | ... M18: ='50 изоляция'!M18*0.9 -> 8330.85
A19: Заглушка опорная | B19: ='50 изоляция'!B19*0.9 -> 860.31 | C19: ='50 изоляция'!C19*0.9 -> 877.734 | D19: ='50 изоляция'!D19*0.9 -> 940.896 | E19: ='50 изоляция'!E19*0.9 -> 1043.262 | F19: ='50 изоляция'!F19*0.9 -> 1120.581 | G19: ='50 изоляция'!G19*0.9 -> 1188.099 | H19: ='50 изоляция'!H19*0.9 -> 1290.465 | I19: ='50 изоляция'!I19*0.9 -> 1332.936 | ... M19: ='50 изоляция'!M19*0.9 -> 1910.106
... A22: Зонт-конус | B22: ='50 изоляция'!B22*0.9 -> 1274.13 | C22: ='50 изоляция'!C22*0.9 -> 1317.69 | D22: ='50 изоляция'!D22*0.9 -> 1472.328 | E22: ='50 изоляция'!E22*0.9 -> 1509.354 | F22: ='50 изоляция'!F22*0.9 -> 1611.72 | G22: ='50 изоляция'!G22*0.9 -> 1857.834 | H22: ='50 изоляция'!H22*0.9 -> 1950.399 | I22: ='50 изоляция'!I22*0.9 -> 2142.063 | ... M22: ='50 изоляция'!M22*0.9 -> 3274.623
A24: Розничный прайс-лист на продукцию ООО "Дымоход - Трейд плюс " от 20.01.2025
K25: 30мм
A27: Внутренняя труба — Оцинковка
A28: Наружный кожух — Нержавеющая сталь AISI 430 (толщина 0,5мм)
A29: Изоляция — Rockwool Wired Mat 105 (толщина 30мм)
B30: Ø 100/160 | C30: Ø 110/170 | D30: Ø 120/180 | E30: Ø 130/190 | F30: Ø 140/200 | G30: Ø 150/210 | H30: Ø 160/220 | I30: Ø 180/240 | J30: Ø 200/260 | K30: Ø 250/310 | L30: Ø 280/340 | M30: Ø 300/360
A31: Труба L=1000мм | B31: ='50 изоляция'!B31*0.9 -> 2353.2795 | C31: ='50 изоляция'!C31*0.9 -> 2393.127 | D31: ='50 изоляция'!D31*0.9 -> 2563.902 | E31: ='50 изоляция'!E31*0.9 -> 2772.2475 | F31: ='50 изоляция'!F31*0.9 -> 2988.5625 | G31: ='50 изоляция'!G31*0.9 -> 3117.213 | H31: ='50 изоляция'!H31*0.9 -> 3268.6335 | I31: ='50 изоляция'!I31*0.9 -> 3586.275 | ... M31: ='50 изоляция'!M31*0.9 -> 5635.575
A32: Труба L=750 мм | B32: ='50 изоляция'!B32*0.9 -> 1928.619 | C32: ='50 изоляция'!C32*0.9 -> 2075.4855 | D32: ='50 изоляция'!D32*0.9 -> 2253.0915 | E32: ='50 изоляция'!E32*0.9 -> 2410.2045 | F32: ='50 изоляция'!F32*0.9 -> 2553.6555 | G32: ='50 изоляция'!G32*0.9 -> 2676.6135 | H32: ='50 изоляция'!H32*0.9 -> 2829.1725 | I32: ='50 изоляция'!I32*0.9 -> 3232.2015 | ... M32: ='50 изоляция'!M32*0.9 -> 4716.8055
A33: Труба L=500 мм | B33: ='50 изоляция'!B33*0.9 -> 1502.82 | C33: ='50 изоляция'!C33*0.9 -> 1629.1935 | D33: ='50 изоляция'!D33*0.9 -> 1776.06 | E33: ='50 изоляция'!E33*0.9 -> 1909.2645 | F33: ='50 изоляция'!F33*0.9 -> 2090.286 | G33: ='50 изоляция'!G33*0.9 -> 2220.075 | H33: ='50 изоляция'!H33*0.9 -> 2307.7395 | I33: ='50 изоляция'!I33*0.9 -> 2506.977 | ... M33: ='50 изоляция'!M33*0.9 -> 3927.825
A34: Труба L=350 мм | B34: ='50 изоляция'!B34*0.9 -> 1247.796 | C34: ='50 изоляция'!C34*0.9 -> 1361.646 | D34: ='50 изоляция'!D34*0.9 -> 1489.158 | E34: ='50 изоляция'!E34*0.9 -> 1608.7005 | F34: ='50 изоляция'!F34*0.9 -> 1733.9355 | G34: ='50 изоляция'!G34*0.9 -> 1793.1375 | H34: ='50 изоляция'!H34*0.9 -> 1885.356 | I34: ='50 изоляция'!I34*0.9 -> 2019.699 | ... M34: ='50 изоляция'!M34*0.9 -> 3128.598
A35: Труба L=250 мм | B35: ='50 изоляция'!B35*0.9 -> 1184.04 | C35: ='50 изоляция'!C35*0.9 -> 1197.702 | D35: ='50 изоляция'!D35*0.9 -> 1248.9345 | E35: ='50 изоляция'!E35*0.9 -> 1286.505 | F35: ='50 изоляция'!F35*0.9 -> 1382.139 | G35: ='50 изоляция'!G35*0.9 -> 1449.3105 | H35: ='50 изоляция'!H35*0.9 -> 1477.773 | I35: ='50 изоляция'!I35*0.9 -> 1573.407 | ... M35: ='50 изоляция'!M35*0.9 -> 2320.263
A36: Труба L=150 мм | B36: ='50 изоляция'!B36*0.9 -> 902.8305 | C36: ='50 изоляция'!C36*0.9 -> 910.8 | D36: ='50 изоляция'!D36*0.9 -> 941.5395 | E36: ='50 изоляция'!E36*0.9 -> 963.171 | F36: ='50 изоляция'!F36*0.9 -> 1018.9575 | G36: ='50 изоляция'!G36*0.9 -> 1065.636 | H36: ='50 изоляция'!H36*0.9 -> 1082.7135 | I36: ='50 изоляция'!I36*0.9 -> 1214.7795 | ... M36: ='50 изоляция'!M36*0.9 -> 1677.0105
A37: Отвод 90 гр | B37: ='50 изоляция'!B37*0.9 -> 2662.9515 | C37: ='50 изоляция'!C37*0.9 -> 2879.2665 | D37: ='50 изоляция'!D37*0.9 -> 3011.3325 | E37: ='50 изоляция'!E37*0.9 -> 3323.2815 | F37: ='50 изоляция'!F37*0.9 -> 3540.735 | G37: ='50 изоляция'!G37*0.9 -> 3763.881 | H37: ='50 изоляция'!H37*0.9 -> 3977.919 | I37: ='50 изоляция'!I37*0.9 -> 4460.643 | ... M37: ='50 изоляция'!M37*0.9 -> 7174.827
A38: Отвод 45 гр | B38: ='50 изоляция'!B38*0.9 -> 2492.1765 | C38: ='50 изоляция'!C38*0.9 -> 2708.4915 | D38: ='50 изоляция'!D38*0.9 -> 2840.5575 | E38: ='50 изоляция'!E38*0.9 -> 3152.5065 | F38: ='50 изоляция'!F38*0.9 -> 3308.481 | G38: ='50 изоляция'!G38*0.9 -> 3593.106 | H38: ='50 изоляция'!H38*0.9 -> 3807.144 | I38: ='50 изоляция'!I38*0.9 -> 4289.868 | ... M38: ='50 изоляция'!M38*0.9 -> 7004.052
A39: Тройник с К/О 90гр | B39: ='50 изоляция'!B39*0.9 -> 3406.392 | C39: ='50 изоляция'!C39*0.9 -> 3636.369 | D39: ='50 изоляция'!D39*0.9 -> 3932.379 | E39: ='50 изоляция'!E39*0.9 -> 4148.694 | F39: ='50 изоляция'!F39*0.9 -> 4199.9265 | G39: ='50 изоляция'!G39*0.9 -> 4483.413 | H39: ='50 изоляция'!H39*0.9 -> 4735.0215 | I39: ='50 изоляция'!I39*0.9 -> 5296.302 | ... M39: ='50 изоляция'!M39*0.9 -> 8329.266
A40: Тройник с К/О 45гр | B40: ='50 изоляция'!B40*0.9 -> 4317.192 | C40: ='50 изоляция'!C40*0.9 -> 4538.061 | D40: ='50 изоляция'!D40*0.9 -> 4741.8525 | E40: ='50 изоляция'!E40*0.9 -> 5079.987 | F40: ='50 изоляция'!F40*0.9 -> 5345.2575 | G40: ='50 изоляция'!G40*0.9 -> 5928.1695 | H40: ='50 изоляция'!H40*0.9 -> 6572.5605 | I40: ='50 изоляция'!I40*0.9 -> 7239.7215 | ... M40: ='50 изоляция'!M40*0.9 -> 11248.38
A41: Четверник с К/О 90гр | B41: ='50 изоляция'!B41*0.9 -> 7810.11 | C41: ='50 изоляция'!C41*0.9 -> 8073.1035 | D41: ='50 изоляция'!D41*0.9 -> 8298.5265 | E41: ='50 изоляция'!E41*0.9 -> 8547.858 | F41: ='50 изоляция'!F41*0.9 -> 8826.7905 | G41: ='50 изоляция'!G41*0.9 -> 9440.442 | H41: ='50 изоляция'!H41*0.9 -> 9771.7455 | I41: ='50 изоляция'!I41*0.9 -> 10485.585 | ... M41: ='50 изоляция'!M41*0.9 -> 16293.074
A42: Заглушка опорная | B42: ='50 изоляция'!B42*0.9 -> 999.603 | C42: ='50 изоляция'!C42*0.9 -> 1020.096 | D42: ='50 изоляция'!D42*0.9 -> 1092.96 | E42: ='50 изоляция'!E42*0.9 -> 1211.364 | F42: ='50 изоляция'!F42*0.9 -> 1301.3055 | G42: ='50 изоляция'!G42*0.9 -> 1381.0005 | H42: ='50 изоляция'!H42*0.9 -> 1499.4045 | I42: ='50 изоляция'!I42*0.9 -> 1548.36 | ... M42: ='50 изоляция'!M42*0.9 -> 2220.075
... A46: Дефлектор-конус | B46: ='50 изоляция'!B46*0.9 -> 1889.91 | C46: ='50 изоляция'!C46*0.9 -> 1940.004 | D46: ='50 изоляция'!D46*0.9 -> 2097.117 | E46: ='50 изоляция'!E46*0.9 -> 2277 | F46: ='50 изоляция'!F46*0.9 -> 2413.62 | G46: ='50 изоляция'!G46*0.9 -> 2588.949 | H46: ='50 изоляция'!H46*0.9 -> 2771.109 | I46: ='50 изоляция'!I46*0.9 -> 3050.0415 | ... M46: ='50 изоляция'!M46*0.9 -> 3746.7
A48: Розничный прайс-лист на продукцию ООО "Дымоход - Трейд плюс " от 20.01.2025
K49: 30мм
A51: Внутренняя труба — Нержавеющая сталь AISI 430 (толщина 0,5мм)
A52: Наружный кожух — Оцинковка
A53: Изоляция — Rockwool Wired Mat 105 (толщина 30мм)
B54: Ø 100/160 | C54: Ø 110/170 | D54: Ø 120/180 | E54: Ø 130/190 | F54: Ø 140/200 | G54: Ø 150/210 | H54: Ø 160/220 | I54: Ø 180/240 | J54: Ø 200/260 | K54: Ø 250/310 | L54: Ø 280/340 | M54: Ø 300/360
A55: Труба L=1000мм | B55: ='50 изоляция'!B55*0.9 -> 2036.43 | C55: ='50 изоляция'!C55*0.9 -> 2175.822 | D55: ='50 изоляция'!D55*0.9 -> 2351.151 | E55: ='50 изоляция'!E55*0.9 -> 2445.894 | F55: ='50 изоляция'!F55*0.9 -> 2684.385 | G55: ='50 изоляция'!G55*0.9 -> 2872.782 | H55: ='50 изоляция'!H55*0.9 -> 3054.645 | I55: ='50 изоляция'!I55*0.9 -> 3286.602 | ... M55: ='50 изоляция'!M55*0.9 -> 5008.311
A56: Труба L=750 мм | B56: ='50 изоляция'!B56*0.9 -> 1736.955 | C56: ='50 изоляция'!C56*0.9 -> 1851.3 | D56: ='50 изоляция'!D56*0.9 -> 1986.336 | E56: ='50 изоляция'!E56*0.9 -> 2149.686 | F56: ='50 изоляция'!F56*0.9 -> 2296.701 | G56: ='50 изоляция'!G56*0.9 -> 2413.224 | H56: ='50 изоляция'!H56*0.9 -> 2477.475 | I56: ='50 изоляция'!I56*0.9 -> 2646.27 | ... M56: ='50 изоляция'!M56*0.9 -> 3953.07
A57: Труба L=500 мм | B57: ='50 изоляция'!B57*0.9 -> 1424.412 | C57: ='50 изоляция'!C57*0.9 -> 1521.333 | D57: ='50 изоляция'!D57*0.9 -> 1620.432 | E57: ='50 изоляция'!E57*0.9 -> 1760.913 | F57: ='50 изоляция'!F57*0.9 -> 1858.923 | G57: ='50 изоляция'!G57*0.9 -> 2035.341 | H57: ='50 изоляция'!H57*0.9 -> 2078.901 | I57: ='50 изоляция'!I57*0.9 -> 2191.068 | ... M57: ='50 изоляция'!M57*0.9 -> 3080.781
A58: Труба L=350 мм | B58: ='50 изоляция'!B58*0.9 -> 1181.565 | C58: ='50 изоляция'!C58*0.9 -> 1303.533 | D58: ='50 изоляция'!D58*0.9 -> 1374.318 | E58: ='50 изоляция'!E58*0.9 -> 1421.145 | F58: ='50 изоляция'!F58*0.9 -> 1551.825 | G58: ='50 изоляция'!G58*0.9 -> 1626.966 | H58: ='50 изоляция'!H58*0.9 -> 1660.725 | I58: ='50 изоляция'!I58*0.9 -> 1783.782 | ... M58: ='50 изоляция'!M58*0.9 -> 2718.144
A59: Труба L=250 мм | B59: ='50 изоляция'!B59*0.9 -> 949.608 | C59: ='50 изоляция'!C59*0.9 -> 1056.33 | D59: ='50 изоляция'!D59*0.9 -> 1104.246 | E59: ='50 изоляция'!E59*0.9 -> 1136.916 | F59: ='50 изоляция'!F59*0.9 -> 1229.481 | G59: ='50 изоляция'!G59*0.9 -> 1380.852 | H59: ='50 изоляция'!H59*0.9 -> 1403.721 | I59: ='50 изоляция'!I59*0.9 -> 1487.574 | ... M59: ='50 изоляция'!M59*0.9 -> 2166.021
A60: Труба L=150 мм | B60: ='50 изоляция'!B60*0.9 -> 796.059 | C60: ='50 изоляция'!C60*0.9 -> 897.336 | D60: ='50 изоляция'!D60*0.9 -> 925.65 | E60: ='50 изоляция'!E60*0.9 -> 946.341 | F60: ='50 изоляция'!F60*0.9 -> 1001.88 | G60: ='50 изоляция'!G60*0.9 -> 1044.351 | H60: ='50 изоляция'!H60*0.9 -> 1058.508 | I60: ='50 изоляция'!I60*0.9 -> 1108.602 | ... M60: ='50 изоляция'!M60*0.9 -> 1527.867
A61: Отвод 90 гр | B61: ='50 изоляция'!B61*0.9 -> 2342.439 | C61: ='50 изоляция'!C61*0.9 -> 2477.475 | D61: ='50 изоляция'!D61*0.9 -> 2614.689 | E61: ='50 изоляция'!E61*0.9 -> 2761.704 | F61: ='50 изоляция'!F61*0.9 -> 2807.442 | G61: ='50 изоляция'!G61*0.9 -> 2946.834 | H61: ='50 изоляция'!H61*0.9 -> 3194.037 | I61: ='50 изоляция'!I61*0.9 -> 3564.297 | ... M61: ='50 изоляция'!M61*0.9 -> 6089.688
A62: Отвод 45 гр | B62: ='50 изоляция'!B62*0.9 -> 2157.309 | C62: ='50 изоляция'!C62*0.9 -> 2292.345 | D62: ='50 изоляция'!D62*0.9 -> 2429.559 | E62: ='50 изоляция'!E62*0.9 -> 2576.574 | F62: ='50 изоляция'!F62*0.9 -> 2622.312 | G62: ='50 изоляция'!G62*0.9 -> 2761.704 | H62: ='50 изоляция'!H62*0.9 -> 3008.907 | I62: ='50 изоляция'!I62*0.9 -> 3379.167 | ... M62: ='50 изоляция'!M62*0.9 -> 5904.558
A63: Тройник с К/О 90гр | B63: ='50 изоляция'!B63*0.9 -> 3342.141 | C63: ='50 изоляция'!C63*0.9 -> 3473.91 | D63: ='50 изоляция'!D63*0.9 -> 3672.108 | E63: ='50 изоляция'!E63*0.9 -> 4039.101 | F63: ='50 изоляция'!F63*0.9 -> 4208.985 | G63: ='50 изоляция'!G63*0.9 -> 4499.748 | H63: ='50 изоляция'!H63*0.9 -> 4761.108 | I63: ='50 изоляция'!I63*0.9 -> 5314.32 | ... M63: ='50 изоляция'!M63*0.9 -> 8345.007
A64: Тройник с К/О 45гр | B64: ='50 изоляция'!B64*0.9 -> 4330.953 | C64: ='50 изоляция'!C64*0.9 -> 4450.743 | D64: ='50 изоляция'!D64*0.9 -> 4641.318 | E64: ='50 изоляция'!E64*0.9 -> 5063.85 | F64: ='50 изоляция'!F64*0.9 -> 5223.933 | G64: ='50 изоляция'!G64*0.9 -> 5795.658 | H64: ='50 изоляция'!H64*0.9 -> 6271.551 | I64: ='50 изоляция'!I64*0.9 -> 6822.585 | ... M64: ='50 изоляция'!M64*0.9 -> 10640.619
A65: Четверник с К/О 90гр | B65: ='50 изоляция'!B65*0.9 -> 8043.354 | C65: ='50 изоляция'!C65*0.9 -> 8293.824 | D65: ='50 изоляция'!D65*0.9 -> 8505.09 | E65: ='50 изоляция'!E65*0.9 -> 8741.403 | F65: ='50 изоляция'!F65*0.9 -> 9007.119 | G65: ='50 изоляция'!G65*0.9 -> 9611.514 | H65: ='50 изоляция'!H65*0.9 -> 9931.68 | I65: ='50 изоляция'!I65*0.9 -> 10622.106 | ... M65: ='50 изоляция'!M65*0.9 -> 9441.63
A66: Заглушка опорная | B66: ='50 изоляция'!B66*0.9 -> 913.671 | C66: ='50 изоляция'!C66*0.9 -> 933.273 | D66: ='50 изоляция'!D66*0.9 -> 999.702 | E66: ='50 изоляция'!E66*0.9 -> 1107.513 | F66: ='50 изоляция'!F66*0.9 -> 1190.277 | G66: ='50 изоляция'!G66*0.9 -> 1262.151 | H66: ='50 изоляция'!H66*0.9 -> 1371.051 | I66: ='50 изоляция'!I66*0.9 -> 1416.789 | ... M66: ='50 изоляция'!M66*0.9 -> 2029.896
... A69: Зонт-конус | B69: ='50 изоляция'!B69*0.9 -> 1353.627 | C69: ='50 изоляция'!C69*0.9 -> 1400.454 | D69: ='50 изоляция'!D69*0.9 -> 1564.893 | E69: ='50 изоляция'!E69*0.9 -> 1603.008 | F69: ='50 изоляция'!F69*0.9 -> 1712.997 | G69: ='50 изоляция'!G69*0.9 -> 1974.357 | H69: ='50 изоляция'!H69*0.9 -> 2072.367 | I69: ='50 изоляция'!I69*0.9 -> 2276.01 | ... M69: ='50 изоляция'!M69*0.9 -> 3479.355
A71: Розничный прайс-лист на продукцию ООО "Дымоход - Трейд плюс " от 20.01.2025
K72: 30мм
A74: Внутренняя труба — Нержавеющая сталь AISI 430 (толщина 0,8мм)
A75: Наружный кожух — Оцинковка
A76: Изоляция — Rockwool Wired Mat 105 (толщина 30мм)
B77: Ø 100/160 | C77: Ø 110/170 | D77: Ø 120/180 | E77: Ø 130/190 | F77: Ø 140/200 | G77: Ø 150/210 | H77: Ø 160/220 | I77: Ø 180/240 | J77: Ø 200/260 | K77: Ø 250/310 | L77: Ø 280/340 | M77: Ø 300/360
A78: Труба L=1000мм | B78: ='50 изоляция'!B78*0.9 -> 2453.517 | C78: ='50 изоляция'!C78*0.9 -> 2573.307 | D78: ='50 изоляция'!D78*0.9 -> 2793.285 | E78: ='50 изоляция'!E78*0.9 -> 3119.985 | F78: ='50 изоляция'!F78*0.9 -> 3239.775 | G78: ='50 изоляция'!G78*0.9 -> 3324.717 | H78: ='50 изоляция'!H78*0.9 -> 4030.389 | I78: ='50 изоляция'!I78*0.9 -> 4231.854 | ... M78: ='50 изоляция'!M78*0.9 -> 6853.077
A79: Труба L=750 мм | B79: ='50 изоляция'!B79*0.9 -> 2036.43 | C79: ='50 изоляция'!C79*0.9 -> 2169.288 | D79: ='50 изоляция'!D79*0.9 -> 2377.287 | E79: ='50 изоляция'!E79*0.9 -> 2684.385 | F79: ='50 изоляция'!F79*0.9 -> 2776.95 | G79: ='50 изоляция'!G79*0.9 -> 2860.803 | H79: ='50 изоляция'!H79*0.9 -> 3428.172 | I79: ='50 изоляция'!I79*0.9 -> 3610.035 | ... M79: ='50 изоляция'!M79*0.9 -> 5881.689
A80: Труба L=500 мм | B80: ='50 изоляция'!B80*0.9 -> 1690.128 | C80: ='50 изоляция'!C80*0.9 -> 1758.735 | D80: ='50 изоляция'!D80*0.9 -> 1943.865 | E80: ='50 изоляция'!E80*0.9 -> 2162.754 | F80: ='50 изоляция'!F80*0.9 -> 2268.387 | G80: ='50 изоляция'!G80*0.9 -> 2314.125 | H80: ='50 изоляция'!H80*0.9 -> 2827.044 | I80: ='50 изоляция'!I80*0.9 -> 2978.415 | ... M80: ='50 изоляция'!M80*0.9 -> 4993.065
A81: Труба L=350 мм | B81: ='50 изоляция'!B81*0.9 -> 1362.339 | C81: ='50 изоляция'!C81*0.9 -> 1390.653 | D81: ='50 изоляция'!D81*0.9 -> 1538.757 | E81: ='50 изоляция'!E81*0.9 -> 1816.452 | F81: ='50 изоляция'!F81*0.9 -> 1881.792 | G81: ='50 изоляция'!G81*0.9 -> 1943.865 | H81: ='50 изоляция'!H81*0.9 -> 2212.848 | I81: ='50 изоляция'!I81*0.9 -> 2383.821 | ... M81: ='50 изоляция'!M81*0.9 -> 3662.307
A82: Труба L=250 мм | B82: ='50 изоляция'!B82*0.9 -> 1110.78 | C82: ='50 изоляция'!C82*0.9 -> 1205.523 | D82: ='50 изоляция'!D82*0.9 -> 1295.91 | E82: ='50 изоляция'!E82*0.9 -> 1410.255 | F82: ='50 изоляция'!F82*0.9 -> 1539.846 | G82: ='50 изоляция'!G82*0.9 -> 1693.395 | H82: ='50 изоляция'!H82*0.9 -> 1740.222 | I82: ='50 изоляция'!I82*0.9 -> 1862.19 | ... M82: ='50 изоляция'!M82*0.9 -> 2793.285
A83: Труба L=150 мм | B83: ='50 изоляция'!B83*0.9 -> 959.409 | C83: ='50 изоляция'!C83*0.9 -> 996.435 | D83: ='50 изоляция'!D83*0.9 -> 1107.513 | E83: ='50 изоляция'!E83*0.9 -> 1134.738 | F83: ='50 изоляция'!F83*0.9 -> 1213.146 | G83: ='50 изоляция'!G83*0.9 -> 1258.884 | H83: ='50 изоляция'!H83*0.9 -> 1283.931 | I83: ='50 изоляция'!I83*0.9 -> 1353.627 | ... M83: ='50 изоляция'!M83*0.9 -> 1919.907
A84: Отвод 90 гр | B84: ='50 изоляция'!B84*0.9 -> 2600.532 | C84: ='50 изоляция'!C84*0.9 -> 2843.379 | D84: ='50 изоляция'!D84*0.9 -> 3179.88 | E84: ='50 изоляция'!E84*0.9 -> 3437.973 | F84: ='50 изоляция'!F84*0.9 -> 3779.919 | G84: ='50 изоляция'!G84*0.9 -> 4230.765 | H84: ='50 изоляция'!H84*0.9 -> 4685.967 | I84: ='50 изоляция'!I84*0.9 -> 4850.406 | ... M84: ='50 изоляция'!M84*0.9 -> 8669.529
A85: Отвод 45 гр | B85: ='50 изоляция'!B85*0.9 -> 2415.402 | C85: ='50 изоляция'!C85*0.9 -> 2658.249 | D85: ='50 изоляция'!D85*0.9 -> 2994.75 | E85: ='50 изоляция'!E85*0.9 -> 3252.843 | F85: ='50 изоляция'!F85*0.9 -> 3594.789 | G85: ='50 изоляция'!G85*0.9 -> 4045.635 | H85: ='50 изоляция'!H85*0.9 -> 4500.837 | I85: ='50 изоляция'!I85*0.9 -> 4665.276 | ... M85: ='50 изоляция'!M85*0.9 -> 8484.399
A86: Тройник с К/О 90гр | B86: ='50 изоляция'!B86*0.9 -> 3750.516 | C86: ='50 изоляция'!C86*0.9 -> 4034.745 | D86: ='50 изоляция'!D86*0.9 -> 4369.068 | E86: ='50 изоляция'!E86*0.9 -> 4727.349 | F86: ='50 изоляция'!F86*0.9 -> 4960.395 | G86: ='50 изоляция'!G86*0.9 -> 5346.99 | H86: ='50 изоляция'!H86*0.9 -> 5575.68 | I86: ='50 изоляция'!I86*0.9 -> 6094.044 | ... M86: ='50 изоляция'!M86*0.9 -> 8548.65
A87: Тройник с К/О 45гр | B87: ='50 изоляция'!B87*0.9 -> 4991.976 | C87: ='50 изоляция'!C87*0.9 -> 5296.896 | D87: ='50 изоляция'!D87*0.9 -> 5468.958 | E87: ='50 изоляция'!E87*0.9 -> 5798.925 | F87: ='50 изоляция'!F87*0.9 -> 6063.552 | G87: ='50 изоляция'!G87*0.9 -> 6704.973 | H87: ='50 изоляция'!H87*0.9 -> 7119.882 | I87: ='50 изоляция'!I87*0.9 -> 8044.443 | ... M87: ='50 изоляция'!M87*0.9 -> 13572.207
A88: Четверник с К/О 90гр | B88: ='50 изоляция'!B88*0.9 -> 9210.762 | C88: ='50 изоляция'!C88*0.9 -> 9510.237 | D88: ='50 изоляция'!D88*0.9 -> 9754.173 | E88: ='50 изоляция'!E88*0.9 -> 10031.868 | F88: ='50 изоляция'!F88*0.9 -> 10346.589 | G88: ='50 изоляция'!G88*0.9 -> 11058.795 | H88: ='50 изоляция'!H88*0.9 -> 11442.123 | I88: ='50 изоляция'!I88*0.9 -> 12271.941 | ... M88: ='50 изоляция'!M88*0.9 -> 18406.278
A89: Заглушка опорная | B89: ='50 изоляция'!B89*0.9 -> 1077.021 | C89: ='50 изоляция'!C89*0.9 -> 1097.712 | D89: ='50 изоляция'!D89*0.9 -> 1120.581 | E89: ='50 изоляция'!E89*0.9 -> 1234.926 | F89: ='50 изоляция'!F89*0.9 -> 1348.182 | G89: ='50 изоляция'!G89*0.9 -> 1410.255 | H89: ='50 изоляция'!H89*0.9 -> 1527.867 | I89: ='50 изоляция'!I89*0.9 -> 1576.872 | ... M89: ='50 изоляция'!M89*0.9 -> 2121.372
... A92: Шибер поворотный | B92: ='50 изоляция'!B92*0.9 -> 2527.569 | C92: ='50 изоляция'!C92*0.9 -> 2560.239 | D92: ='50 изоляция'!D92*0.9 -> 2633.202 | E92: ='50 изоляция'!E92*0.9 -> 2884.761 | F92: ='50 изоляция'!F92*0.9 -> 3048.111 | G92: ='50 изоляция'!G92*0.9 -> 3305.115 | H92: ='50 изоляция'!H92*0.9 -> 3351.942 | I92: ='50 изоляция'!I92*0.9 -> 3480.444 | ... M92: ='50 изоляция'!M92*0.9 -> 5008.311
A94: Розничный прайс-лист на продукцию ООО "Дымоход - Трейд плюс " от 20.01.2025
K95: 30мм
A97: Внутренняя труба — Нержавеющая сталь AISI 430 (толщина 0,5 мм)
A98: Наружный кожух — Нержавеющая сталь AISI 430 (толщина 0,5 мм)
A99: Изоляция — Rockwool Wired Mat 105 (толщина 30мм)
B100: Ø 100/160 | C100: Ø 110/170 | D100: Ø 120/180 | E100: Ø 130/190 | F100: Ø 140/200 | G100: Ø 150/210 | H100: Ø 160/220 | I100: Ø 180/240 | J100: Ø 200/260 | K100: Ø 250/310 | L100: Ø 280/340 | M100: Ø 300/360
A101: Труба L=1000мм | B101: ='50 изоляция'!B101*0.9 -> 2667.5055 | C101: ='50 изоляция'!C101*0.9 -> 2711.907 | D101: ='50 изоляция'!D101*0.9 -> 2906.5905 | E101: ='50 изоляция'!E101*0.9 -> 3141.1215 | F101: ='50 изоляция'!F101*0.9 -> 3387.0375 | G101: ='50 изоляция'!G101*0.9 -> 3532.7655 | H101: ='50 изоляция'!H101*0.9 -> 3704.679 | I101: ='50 изоляция'!I101*0.9 -> 4064.445 | ... M101: ='50 изоляция'!M101*0.9 -> 6386.985
A102: Труба L=750 мм | B102: ='50 изоляция'!B102*0.9 -> 2185.92 | C102: ='50 изоляция'!C102*0.9 -> 2352.141 | D102: ='50 изоляция'!D102*0.9 -> 2553.6555 | E102: ='50 изоляция'!E102*0.9 -> 2732.4 | F102: ='50 изоляция'!F102*0.9 -> 2894.067 | G102: ='50 изоляция'!G102*0.9 -> 3032.964 | H102: ='50 изоляция'!H102*0.9 -> 3206.016 | I102: ='50 изоляция'!I102*0.9 -> 3662.5545 | ... M102: ='50 изоляция'!M102*0.9 -> 5345.2575
A103: Труба L=500 мм | B103: ='50 изоляция'!B103*0.9 -> 1703.196 | C103: ='50 изоляция'!C103*0.9 -> 1846.647 | D103: ='50 изоляция'!D103*0.9 -> 2012.868 | E103: ='50 изоляция'!E103*0.9 -> 2164.2885 | F103: ='50 изоляция'!F103*0.9 -> 2369.2185 | G103: ='50 изоляция'!G103*0.9 -> 2516.085 | H103: ='50 изоляция'!H103*0.9 -> 2616.273 | I103: ='50 изоляция'!I103*0.9 -> 2841.696 | ... M103: ='50 изоляция'!M103*0.9 -> 4451.535
A104: Труба L=350 мм | B104: ='50 изоляция'!B104*0.9 -> 1414.017 | C104: ='50 изоляция'!C104*0.9 -> 1542.6675 | D104: ='50 изоляция'!D104*0.9 -> 1687.257 | E104: ='50 изоляция'!E104*0.9 -> 1822.7385 | F104: ='50 изоляция'!F104*0.9 -> 1965.051 | G104: ='50 изоляция'!G104*0.9 -> 2032.2225 | H104: ='50 изоляция'!H104*0.9 -> 2136.9645 | I104: ='50 изоляция'!I104*0.9 -> 2288.385 | ... M104: ='50 изоляция'!M104*0.9 -> 3545.289
A105: Труба L=250 мм | B105: ='50 изоляция'!B105*0.9 -> 1341.153 | C105: ='50 изоляция'!C105*0.9 -> 1358.2305 | D105: ='50 изоляция'!D105*0.9 -> 1416.294 | E105: ='50 изоляция'!E105*0.9 -> 1457.28 | F105: ='50 изоляция'!F105*0.9 -> 1565.4375 | G105: ='50 изоляция'!G105*0.9 -> 1641.717 | H105: ='50 изоляция'!H105*0.9 -> 1674.7335 | I105: ='50 изоляция'!I105*0.9 -> 1784.0295 | ... M105: ='50 изоляция'!M105*0.9 -> 2628.7965
A106: Труба L=150 мм | B106: ='50 изоляция'!B106*0.9 -> 1022.373 | C106: ='50 изоляция'!C106*0.9 -> 1032.6195 | D106: ='50 изоляция'!D106*0.9 -> 1066.7745 | E106: ='50 изоляция'!E106*0.9 -> 1091.8215 | F106: ='50 изоляция'!F106*0.9 -> 1154.439 | G106: ='50 изоляция'!G106*0.9 -> 1207.9485 | H106: ='50 изоляция'!H106*0.9 -> 1227.303 | I106: ='50 изоляция'!I106*0.9 -> 1376.4465 | ... M106: ='50 изоляция'!M106*0.9 -> 1900.1565
A107: Отвод 90 гр | B107: ='50 изоляция'!B107*0.9 -> 3017.025 | C107: ='50 изоляция'!C107*0.9 -> 3262.941 | D107: ='50 изоляция'!D107*0.9 -> 3413.223 | E107: ='50 изоляция'!E107*0.9 -> 3766.158 | F107: ='50 изоляция'!F107*0.9 -> 4012.074 | G107: ='50 изоляция'!G107*0.9 -> 4265.9595 | H107: ='50 изоляция'!H107*0.9 -> 4507.3215 | I107: ='50 изоляция'!I107*0.9 -> 5054.94 | ... M107: ='50 изоляция'!M107*0.9 -> 8131.167
A108: Отвод 45 гр | B108: ='50 изоляция'!B108*0.9 -> 2823.48 | C108: ='50 изоляция'!C108*0.9 -> 3069.396 | D108: ='50 изоляция'!D108*0.9 -> 3219.678 | E108: ='50 изоляция'!E108*0.9 -> 3572.613 | F108: ='50 изоляция'!F108*0.9 -> 3818.529 | G108: ='50 изоляция'!G108*0.9 -> 4072.4145 | H108: ='50 изоляция'!H108*0.9 -> 4313.7765 | I108: ='50 изоляция'!I108*0.9 -> 4861.395 | ... M108: ='50 изоляция'!M108*0.9 -> 7937.622
A109: Тройник с К/О 90гр | B109: ='50 изоляция'!B109*0.9 -> 3619.2915 | C109: ='50 изоляция'!C109*0.9 -> 3862.9305 | D109: ='50 изоляция'!D109*0.9 -> 4177.1565 | E109: ='50 изоляция'!E109*0.9 -> 4700.8665 | F109: ='50 изоляция'!F109*0.9 -> 4758.93 | G109: ='50 изоляция'!G109*0.9 -> 5081.1255 | H109: ='50 изоляция'!H109*0.9 -> 5365.7505 | I109: ='50 изоляция'!I109*0.9 -> 5968.017 | ... M109: ='50 изоляция'!M109*0.9 -> 9439.3035
A110: Тройник с К/О 45гр | B110: ='50 изоляция'!B110*0.9 -> 4893.273 | C110: ='50 изоляция'!C110*0.9 -> 5142.6045 | D110: ='50 изоляция'!D110*0.9 -> 5373.72 | E110: ='50 изоляция'!E110*0.9 -> 5757.3945 | F110: ='50 изоляция'!F110*0.9 -> 6057.9585 | G110: ='50 изоляция'!G110*0.9 -> 6719.427 | H110: ='50 изоляция'!H110*0.9 -> 7448.067 | I110: ='50 изоляция'!I110*0.9 -> 8205.1695 | ... M110: ='50 изоляция'!M110*0.9 -> 12747.784
A111: Четверник с К/О 90гр | B111: ='50 изоляция'!B111*0.9 -> 8851.8375 | C111: ='50 изоляция'!C111*0.9 -> 9148.986 | D111: ='50 изоляция'!D111*0.9 -> 9404.01 | E111: ='50 изоляция'!E111*0.9 -> 9687.4965 | F111: ='50 изоляция'!F111*0.9 -> 10002.861 | G111: ='50 изоляция'!G111*0.9 -> 10699.623 | H111: ='50 изоляция'!H111*0.9 -> 11074.19 | I111: ='50 изоляция'!I111*0.9 -> 11883.663 | ... M111: ='50 изоляция'!M111*0.9 -> 18465.332
A112: Заглушка опорная | B112: ='50 изоляция'!B112*0.9 -> 1061.082 | C112: ='50 изоляция'!C112*0.9 -> 1083.852 | D112: ='50 изоляция'!D112*0.9 -> 1161.27 | E112: ='50 изоляция'!E112*0.9 -> 1287.6435 | F112: ='50 изоляция'!F112*0.9 -> 1383.2775 | G112: ='50 изоляция'!G112*0.9 -> 1467.5265 | H112: ='50 изоляция'!H112*0.9 -> 1592.7615 | I112: ='50 изоляция'!I112*0.9 -> 1645.1325 | ... M112: ='50 изоляция'!M112*0.9 -> 2357.8335
... A116: Дефлектор-конус | B116: ='50 изоляция'!B116*0.9 -> 2008.314 | C116: ='50 изоляция'!C116*0.9 -> 2061.8235 | D116: ='50 изоляция'!D116*0.9 -> 2229.183 | E116: ='50 изоляция'!E116*0.9 -> 2419.3125 | F116: ='50 изоляция'!F116*0.9 -> 2565.0405 | G116: ='50 изоляция'!G116*0.9 -> 2902.0365 | H116: ='50 изоляция'!H116*0.9 -> 3170.7225 | I116: ='50 изоляция'!I116*0.9 -> 3440.547 | ... M116: ='50 изоляция'!M116*0.9 -> 5372.5815
A118: Розничный прайс-лист на продукцию ООО "Дымоход - Трейд плюс " от 20.01.2025
K119: 30мм
A121: Внутренняя труба — Нержавеющая сталь AISI 430 (толщина 0,8 мм)
A122: Наружный кожух — Нержавеющая сталь AISI 430 (толщина 0,5 мм)
A123: Изоляция — Rockwool Wired Mat 105 (толщина 30мм)
...

Sheet 50 изол (каолин)
A1: Розничный прайс-лист на продукцию ООО "Дымоход - Трейд плюс " от 20.01.2025
K2: 50мм
A4: Внутренняя труба — ОЦИНКОВКА
A5: Наружный кожух — ОЦИНКОВКА
A6: Изоляция — Каолиновая вата (толщина 50мм)
B7: Ø 100/200 | C7: Ø 110/210 | D7: Ø 120/220 | E7: Ø 130/230 | F7: Ø 140/240 | G7: Ø 150/250 | H7: Ø 160/260 | I7: Ø 180/280 | J7: Ø 200/300 | K7: Ø 250/350 | L7: Ø 280/380 | M7: Ø 300/400
A8: Труба L=1000мм | B8: 2495.625 | C8: 2625.7 | D8: 2881.3125 | E8: 2997.775 | F8: 3289.6875 | G8: 3521.1 | H8: 3743.4375 | I8: 4027.7875 | J8: 4554.1375 | K8: 5345.175 | L8: 5820.1 | M8: 6137.725
A9: Труба L=750 мм | B9: 2129.6 | C9: 2268.75 | D9: 2435.125 | E9: 2634.775 | F9: 2814.7625 | G9: 2956.9375 | H9: 3037.1 | I9: 3242.8 | J9: 3643.6125 | K9: 4244.075 | L9: 4604.05 | M9: 4844.5375
A10: Труба L=500 мм | B10: 1745.425 | C10: 1863.4 | D10: 1985.9125 | E10: 2158.3375 | F10: 2277.825 | G10: 2494.1125 | H10: 2548.5625 | I10: 2684.6875 | J10: 2961.475 | K10: 3368.3375 | L10: 3611.85 | M10: 3775.2
A11: Труба L=350 мм | B11: 1447.4625 | C11: 1597.2 | D11: 1684.925 | E11: 1740.8875 | F11: 1902.725 | G11: 1994.9875 | H11: 2035.825 | I11: 2185.5625 | J11: 2389.75 | K11: 2925.175 | L11: 3179.275 | M11: 3332.0375
A12: Труба L=250 мм | B12: 1241.7625 | C12: 1294.7 | D12: 1353.6875 | E12: 1393.0125 | F12: 1506.45 | G12: 1692.4875 | H12: 1719.7125 | I12: 1822.5625 | J12: 2049.4375 | K12: 2357.9875 | L12: 2544.025 | M12: 2654.4375
A13: Труба L=150 мм | B13: 1040.6 | C13: 1099.5875 | D13: 1134.375 | E13: 1160.0875 | F13: 1228.15 | G13: 1279.575 | H13: 1296.2125 | I13: 1359.7375 | J13: 1504.9375 | K13: 1692.4875 | L13: 1805.925 | M13: 1872.475
A14: Отвод 90 гр | B14: 2870.725 | C14: 3037.1 | D14: 3204.9875 | E14: 3383.4625 | F14: 3440.9375 | G14: 3610.3375 | H14: 3914.35 | I14: 4368.1 | J14: 5144.0125 | K14: 6304.1 | L14: 6999.85 | M14: 7462.675
A15: Отвод 45 гр | B15: 2643.85 | C15: 2810.225 | D15: 2978.1125 | E15: 3156.5875 | F15: 3214.0625 | G15: 3383.4625 | H15: 3687.475 | I15: 4141.225 | J15: 4917.1375 | K15: 6077.225 | L15: 6772.975 | M15: 7235.8
A16: Тройник с К/О 90гр | B16: 4369.6125 | C16: 4540.525 | D16: 4800.675 | E16: 4948.9 | F16: 5157.625 | G16: 5514.575 | H16: 5835.225 | I16: 6512.825 | J16: 6959.0125 | K16: 8592.5125 | L16: 9572.6125 | M16: 10226.013
A17: Тройник с К/О 45гр | B17: 5307.3625 | C17: 5454.075 | D17: 5688.5125 | E17: 6205.7875 | F17: 6400.9 | G17: 7102.7 | H17: 7685.0125 | I17: 8361.1 | J17: 9760.1625 | K17: 11432.987 | L17: 12437.288 | M17: 13039.263
A18: Четверник с К/О 90гр | B18: 9856.9625 | C18: 10164 | D18: 10422.638 | E18: 10711.525 | F18: 11038.225 | G18: 11777.837 | H18: 12171.087 | I18: 13016.575 | J18: 14598.65 | K18: 17213.763 | L18: 18783.737 | M18: 11570.625
A19: Заглушка опорная | B19: 1194.875 | C19: 1219.075 | D19: 1306.8 | E19: 1448.975 | F19: 1556.3625 | G19: 1650.1375 | H19: 1792.3125 | I19: 1851.3 | J19: 2069.1 | K19: 2368.575 | L19: 2547.05 | M19: 2652.925
... A22: Зонт-конус | B22: 1769.625 | C22: 1830.125 | D22: 2044.9 | E22: 2096.325 | F22: 2238.5 | G22: 2580.325 | H22: 2708.8875 | I22: 2975.0875 | J22: 3189.8625 | K22: 3882.5875 | L22: 4298.525 | M22: 4548.0875
A24: Розничный прайс-лист на продукцию ООО "Дымоход - Трейд плюс " от 20.01.2025
K25: 50мм
A27: Внутренняя труба — ОЦИНКОВКА
A28: Наружный кожух — Нержавеющая сталь AISI 430 (толщина 0,5мм)
A29: Изоляция — Каолиновая вата (толщина 50мм)
B30: Ø 100/200 | C30: Ø 110/210 | D30: Ø 120/220 | E30: Ø 130/230 | F30: Ø 140/240 | G30: Ø 150/250 | H30: Ø 160/260 | I30: Ø 180/280 | J30: Ø 200/300 | K30: Ø 250/350 | L30: Ø 280/380 | M30: Ø 300/400
A31: Труба L=1000мм | B31: 3268.4437 | C31: 3323.7875 | D31: 3560.975 | E31: 3850.3438 | F31: 4150.7812 | G31: 4329.4625 | H31: 4539.7688 | I31: 4980.9375 | J31: 5455.3125 | K31: 6641.25 | L31: 7352.8125 | M31: 7827.1875
A32: Труба L=750 мм | B32: 2678.6375 | C32: 2882.6188 | D32: 3129.2937 | E32: 3347.5062 | F32: 3546.7438 | G32: 3717.5188 | H32: 3929.4062 | I32: 4489.1687 | J32: 4620.4125 | K32: 5692.5 | L32: 6190.5938 | M32: 6551.1187
A33: Труба L=500 мм | B33: 2087.25 | C33: 2262.7688 | D33: 2466.75 | E33: 2651.7562 | F33: 2903.175 | G33: 3083.4375 | H33: 3205.1937 | I33: 3481.9125 | J33: 3795 | K33: 4625.1562 | L33: 5123.25 | M33: 5455.3125
A34: Труба L=350 мм | B34: 1733.05 | C34: 1891.175 | D34: 2068.275 | E34: 2234.3063 | F34: 2408.2438 | G34: 2490.4688 | H34: 2618.55 | I34: 2805.1375 | J34: 3083.4375 | K34: 3714.3562 | L34: 4092.275 | M34: 4345.275
A35: Труба L=250 мм | B35: 1644.5 | C35: 1663.475 | D35: 1734.6312 | E35: 1786.8125 | F35: 1919.6375 | G35: 2012.9313 | H35: 2052.4625 | I35: 2185.2875 | J35: 2474.6562 | K35: 2849.4125 | L35: 3072.3688 | M35: 3222.5875
A36: Труба L=150 мм | B36: 1253.9313 | C36: 1265 | D36: 1307.6937 | E36: 1337.7375 | F36: 1415.2188 | G36: 1480.05 | H36: 1503.7687 | I36: 1687.1937 | J36: 1869.0375 | K36: 2099.9 | L36: 2237.4688 | M36: 2329.1813
A37: Отвод 90 гр | B37: 3698.5437 | C37: 3998.9812 | D37: 4182.4062 | E37: 4615.6687 | F37: 4917.6875 | G37: 5227.6125 | H37: 5524.8875 | I37: 6195.3375 | J37: 6881.6 | K37: 8628.8813 | L37: 9511.2188 | M37: 9965.0375
A38: Отвод 45 гр | B38: 3461.3562 | C38: 3761.7937 | D38: 3945.2188 | E38: 4378.4812 | F38: 4595.1125 | G38: 4990.425 | H38: 5287.7 | I38: 5958.15 | J38: 6644.4125 | K38: 8391.6938 | L38: 9274.0312 | M38: 9727.85
A39: Тройник с К/О 90гр | B39: 4731.1 | C39: 5050.5125 | D39: 5461.6375 | E39: 5762.075 | F39: 5833.2312 | G39: 6226.9625 | H39: 6576.4187 | I39: 7355.975 | J39: 7944.2 | K39: 9756.3125 | L39: 10842.631 | M39: 11568.425
A40: Тройник с К/О 45гр | B40: 5996.1 | C40: 6302.8625 | D40: 6585.9062 | E40: 7055.5375 | F40: 7423.9688 | G40: 8233.5688 | H40: 9128.5562 | I40: 10055.169 | J40: 11530.475 | K40: 13617.725 | L40: 14870.075 | M40: 15622.75
A41: Четверник с К/О 90гр | B41: 10847.375 | C41: 11212.644 | D41: 11525.731 | E41: 11872.025 | F41: 12259.431 | G41: 13111.725 | H41: 13571.869 | I41: 14563.312 | J41: 16369.1 | K41: 19471.513 | L41: 21334.225 | M41: 22629.269
A42: Заглушка опорная | B42: 1388.3375 | C42: 1416.8 | D42: 1518 | E42: 1682.45 | F42: 1807.3688 | G42: 1918.0563 | H42: 2082.5062 | I42: 2150.5 | J42: 2403.5 | K42: 2749.7937 | L42: 2956.9375 | M42: 3083.4375
... A46: Дефлектор-конус | B46: 2624.875 | C46: 2694.45 | D46: 2912.6625 | E46: 3162.5 | F46: 3352.25 | G46: 3595.7625 | H46: 3848.7625 | I46: 4236.1687 | J46: 4667.85 | K46: 4996.75 | L46: 5042.6062 | M46: 5203.75
A48: Розничный прайс-лист на продукцию ООО "Дымоход - Трейд плюс " от 20.01.2025
K49: 50мм
A51: Внутренняя труба — Нержавеющая сталь AISI 430 (толщина 0,5мм)
A52: Наружный кожух — Оцинковка
A53: Изоляция — Каолиновая вата (толщина 50мм)
B54: Ø 100/200 | C54: Ø 110/210 | D54: Ø 120/220 | E54: Ø 130/230 | F54: Ø 140/240 | G54: Ø 150/250 | H54: Ø 160/260 | I54: Ø 180/280 | J54: Ø 200/300 | K54: Ø 250/350 | L54: Ø 280/380 | M54: Ø 300/400
A55: Труба L=1000мм | B55: 2828.375 | C55: 3021.975 | D55: 3265.4875 | E55: 3397.075 | F55: 3728.3125 | G55: 3989.975 | H55: 4242.5625 | I55: 4564.725 | J55: 5160.65 | K55: 6057.5625 | L55: 6596.0125 | M55: 6955.9875
A56: Труба L=750 мм | B56: 2412.4375 | C56: 2571.25 | D56: 2758.8 | E56: 2985.675 | F56: 3189.8625 | G56: 3351.7 | H56: 3440.9375 | I56: 3675.375 | J56: 4129.125 | K56: 4809.75 | L56: 5216.6125 | M56: 5490.375
A57: Труба L=500 мм | B57: 1978.35 | C57: 2112.9625 | D57: 2250.6 | E57: 2445.7125 | F57: 2581.8375 | G57: 2826.8625 | H57: 2887.3625 | I57: 3043.15 | J57: 3356.2375 | K57: 3817.55 | L57: 4092.825 | M57: 4278.8625
A58: Труба L=350 мм | B58: 1641.0625 | C58: 1810.4625 | D58: 1908.775 | E58: 1973.8125 | F58: 2155.3125 | G58: 2259.675 | H58: 2306.5625 | I58: 2477.475 | J58: 2707.375 | K58: 3315.4 | L58: 3604.2875 | M58: 3775.2
A59: Труба L=250 мм | B59: 1318.9 | C59: 1467.125 | D59: 1533.675 | E59: 1579.05 | F59: 1707.6125 | G59: 1917.85 | H59: 1949.6125 | I59: 2066.075 | J59: 2323.2 | K59: 2672.5875 | L59: 2882.825 | M59: 3008.3625
A60: Труба L=150 мм | B60: 1105.6375 | C60: 1246.3 | D60: 1285.625 | E60: 1314.3625 | F60: 1391.5 | G60: 1450.4875 | H60: 1470.15 | I60: 1539.725 | J60: 1704.5875 | K60: 1917.85 | L60: 2046.4125 | M60: 2122.0375
A61: Отвод 90 гр | B61: 3253.3875 | C61: 3440.9375 | D61: 3631.5125 | E61: 3835.7 | F61: 3899.225 | G61: 4092.825 | H61: 4436.1625 | I61: 4950.4125 | J61: 5830.6875 | K61: 7143.5375 | L61: 7933.0625 | M61: 8457.9
A62: Отвод 45 гр | B62: 2996.2625 | C62: 3183.8125 | D62: 3374.3875 | E62: 3578.575 | F62: 3642.1 | G62: 3835.7 | H62: 4179.0375 | I62: 4693.2875 | J62: 5573.5625 | K62: 6886.4125 | L62: 7675.9375 | M62: 8200.775
A63: Тройник с К/О 90гр | B63: 4641.8625 | C63: 4824.875 | D63: 5100.15 | E63: 5609.8625 | F63: 5845.8125 | G63: 6249.65 | H63: 6612.65 | I63: 7381 | J63: 7887.6875 | K63: 9738.9875 | L63: 10849.163 | M63: 11590.288
A64: Тройник с К/О 45гр | B64: 6015.2125 | C64: 6181.5875 | D64: 6446.275 | E64: 7033.125 | F64: 7255.4625 | G64: 8049.525 | H64: 8710.4875 | I64: 9475.8125 | J64: 11060.913 | K64: 12957.587 | L64: 14094.987 | M64: 14778.638
A65: Четверник с К/О 90гр | B65: 11171.325 | C65: 11519.2 | D65: 11812.625 | E65: 12140.837 | F65: 12509.888 | G65: 13349.325 | H65: 13794 | I65: 14752.925 | J65: 16545.237 | K65: 19509.737 | L65: 21288.438 | M65: 13113.375
A66: Заглушка опорная | B66: 1268.9875 | C66: 1296.2125 | D66: 1388.475 | E66: 1538.2125 | F66: 1653.1625 | G66: 1752.9875 | H66: 1904.2375 | I66: 1967.7625 | J66: 2199.175 | K66: 2515.2875 | L66: 2705.8625 | M66: 2819.3
... A69: Зонт-конус | B69: 1880.0375 | C69: 1945.075 | D69: 2173.4625 | E69: 2226.4 | F69: 2379.1625 | G69: 2742.1625 | H69: 2878.2875 | I69: 3161.125 | J69: 3389.5125 | K69: 4126.1 | L69: 4567.75 | M69: 4832.4375
A71: Розничный прайс-лист на продукцию ООО "Дымоход - Трейд плюс " от 20.01.2025
K72: 50мм
A74: Внутренняя труба — Нержавеющая сталь AISI 430 (толщина 0,8мм)
A75: Наружный кожух — Оцинковка
A76: Изоляция — Каолиновая вата (толщина 50мм)
B77: Ø 100/200 | C77: Ø 110/210 | D77: Ø 120/220 | E77: Ø 130/230 | F77: Ø 140/240 | G77: Ø 150/250 | H77: Ø 160/260 | I77: Ø 180/280 | J77: Ø 200/300 | K77: Ø 250/350 | L77: Ø 280/380 | M77: Ø 300/400
A78: Труба L=1000мм | B78: 3407.6625 | C78: 3574.0375 | D78: 3879.5625 | E78: 4333.3125 | F78: 4499.6875 | G78: 4617.6625 | H78: 5597.7625 | I78: 5877.575 | J78: 6166.4625 | K78: 7842.3125 | L78: 8848.125 | M78: 9518.1625
A79: Труба L=750 мм | B79: 2828.375 | C79: 3012.9 | D79: 3301.7875 | E79: 3728.3125 | F79: 3856.875 | G79: 3973.3375 | H79: 4761.35 | I79: 5013.9375 | J79: 5201.4875 | K79: 6685.25 | L79: 7574.6 | M79: 8169.0125
A80: Труба L=500 мм | B80: 2347.4 | C80: 2442.6875 | D80: 2699.8125 | E80: 3003.825 | F80: 3150.5375 | G80: 3214.0625 | H80: 3926.45 | I80: 4136.6875 | J80: 4297.0125 | K80: 5615.9125 | L80: 6406.95 | M80: 6934.8125
A81: Труба L=350 мм | B81: 1892.1375 | C81: 1931.4625 | D81: 2137.1625 | E81: 2522.85 | F81: 2613.6 | G81: 2699.8125 | H81: 3073.4 | I81: 3310.8625 | J81: 3790.325 | K81: 4452.8 | L81: 4849.075 | M81: 5086.5375
A82: Труба L=250 мм | B82: 1542.75 | C82: 1674.3375 | D82: 1799.875 | E82: 1958.6875 | F82: 2138.675 | G82: 2351.9375 | H82: 2416.975 | I82: 2586.375 | J82: 2937.275 | K82: 3418.25 | L82: 3707.1375 | M82: 3879.5625
A83: Труба L=150 мм | B83: 1332.5125 | C83: 1383.9375 | D83: 1538.2125 | E83: 1576.025 | F83: 1684.925 | G83: 1748.45 | H83: 1783.2375 | I83: 1880.0375 | J83: 2094.8125 | K83: 2386.725 | L83: 2560.6625 | M83: 2666.5375
A84: Отвод 90 гр | B84: 3611.85 | C84: 3949.1375 | D84: 4416.5 | E84: 4774.9625 | F84: 5249.8875 | G84: 5876.0625 | H84: 6508.2875 | I84: 6736.675 | J84: 7580.65 | K84: 9810.075 | L84: 11148.638 | M84: 12041.013
A85: Отвод 45 гр | B85: 3354.725 | C85: 3692.0125 | D85: 4159.375 | E85: 4517.8375 | F85: 4992.7625 | G85: 5618.9375 | H85: 6251.1625 | I85: 6479.55 | J85: 7323.525 | K85: 9552.95 | L85: 10891.513 | M85: 11783.888
A86: Тройник с К/О 90гр | B86: 5209.05 | C86: 5603.8125 | D86: 6068.15 | E86: 6565.7625 | F86: 6889.4375 | G86: 7426.375 | H86: 7744 | I86: 8463.95 | J86: 9493.9625 | K86: 10682.788 | L86: 11396.688 | M86: 11873.125
A87: Тройник с К/О 45гр | B87: 6933.3 | C87: 7356.8 | D87: 7595.775 | E87: 8054.0625 | F87: 8421.6 | G87: 9312.4625 | H87: 9888.725 | I87: 11172.837 | J87: 13293.362 | K87: 16127.788 | L87: 17829.35 | M87: 18850.287
A88: Четверник с К/О 90гр | B88: 12792.725 | C88: 13208.663 | D88: 13547.462 | E88: 13933.15 | F88: 14370.263 | G88: 15359.438 | H88: 15891.837 | I88: 17044.362 | J88: 19018.175 | K88: 22357.775 | L88: 24363.35 | M88: 25564.275
A89: Заглушка опорная | B89: 1495.8625 | C89: 1524.6 | D89: 1556.3625 | E89: 1715.175 | F89: 1872.475 | G89: 1958.6875 | H89: 2122.0375 | I89: 2190.1 | J89: 2413.95 | K89: 2686.2 | L89: 2849.55 | M89: 2946.35
... A92: Шибер поворотный | B92: 3510.5125 | C92: 3555.8875 | D92: 3657.225 | E92: 4006.6125 | F92: 4233.4875 | G92: 4590.4375 | H92: 4655.475 | I92: 4833.95 | J92: 5224.175 | K92: 6107.475 | L92: 6638.3625 | M92: 6955.9875
A94: Розничный прайс-лист на продукцию ООО "Дымоход - Трейд плюс " от 20.01.2025
K95: 50мм
A97: Внутренняя труба — Нержавеющая сталь AISI 430 (толщина 0,5мм)
A98: Наружный кожух — Нержавеющая сталь AISI 430 (толщина 0,5мм)
A99: Изоляция — Каолиновая вата (толщина 50мм)
B100: Ø 100/200 | C100: Ø 110/210 | D100: Ø 120/220 | E100: Ø 130/230 | F100: Ø 140/240 | G100: Ø 150/250 | H100: Ø 160/260 | I100: Ø 180/280 | J100: Ø 200/300 | K100: Ø 250/350 | L100: Ø 280/380 | M100: Ø 300/400
A101: Труба L=1000мм | B101: 3704.8688 | C101: 3766.5375 | D101: 4036.9313 | E101: 4362.6687 | F101: 4704.2188 | G101: 4906.6187 | H101: 5145.3875 | I101: 5645.0625 | J101: 6182.6875 | K101: 7526.75 | L101: 8333.1875 | M101: 8870.8125
A102: Труба L=750 мм | B102: 3036 | C102: 3266.8625 | D102: 3546.7438 | E102: 3795 | F102: 4019.5375 | G102: 4212.45 | H102: 4452.8 | I102: 5086.8813 | J102: 5237.1 | K102: 6451.5 | L102: 7016.0063 | M102: 7423.9688
A103: Труба L=500 мм | B103: 2365.55 | C103: 2564.7875 | D103: 2795.65 | E103: 3005.9563 | F103: 3290.5813 | G103: 3494.5625 | H103: 3633.7125 | I103: 3946.8 | J103: 4301 | K103: 5241.8438 | L103: 5806.35 | M103: 6182.6875
A104: Труба L=350 мм | B104: 1963.9125 | C104: 2142.5938 | D104: 2343.4125 | E104: 2531.5813 | F104: 2729.2375 | G104: 2822.5312 | H104: 2968.0062 | I104: 3178.3125 | J104: 3494.5625 | K104: 4209.2875 | L104: 4637.8062 | M104: 4924.0125
A105: Труба L=250 мм | B105: 1862.7125 | C105: 1886.4313 | D105: 1967.075 | E105: 2024 | F105: 2174.2188 | G105: 2280.1625 | H105: 2326.0188 | I105: 2477.8187 | J105: 2805.1375 | K105: 3228.9125 | L105: 3481.9125 | M105: 3651.1062
A106: Труба L=150 мм | B106: 1419.9625 | C106: 1434.1937 | D106: 1481.6312 | E106: 1516.4188 | F106: 1603.3875 | G106: 1677.7062 | H106: 1704.5875 | I106: 1911.7313 | J106: 2118.875 | K106: 2379.7812 | L106: 2534.7438 | M106: 2639.1062
A107: Отвод 90 гр | B107: 4190.3125 | C107: 4531.8625 | D107: 4740.5875 | E107: 5230.775 | F107: 5572.325 | G107: 5924.9438 | H107: 6260.1687 | I107: 7020.75 | J107: 7798.725 | K107: 9780.0312 | L107: 10779.381 | M107: 11293.288
A108: Отвод 45 гр | B108: 3921.5 | C108: 4263.05 | D108: 4471.775 | E108: 4961.9625 | F108: 5303.5125 | G108: 5656.1313 | H108: 5991.3562 | I108: 6751.9375 | J108: 7529.9125 | K108: 9511.2188 | L108: 10510.569 | M108: 11024.475
A109: Тройник с К/О 90гр | B109: 5026.7937 | C109: 5365.1812 | D109: 5801.6062 | E109: 6528.9812 | F109: 6609.625 | G109: 7057.1187 | H109: 7452.4312 | I109: 8288.9125 | J109: 9002.0562 | K109: 11056.1 | L109: 12289.475 | M109: 13110.144
A110: Тройник с К/О 45гр | B110: 6796.2125 | C110: 7142.5063 | D110: 7463.5 | E110: 7996.3813 | F110: 8413.8312 | G110: 9332.5375 | H110: 10344.538 | I110: 11396.069 | J110: 13069.031 | K110: 15434.581 | L110: 16852.963 | M110: 17705.256
A111: Четверник с К/О 90гр | B111: 12294.219 | C111: 12706.925 | D111: 13061.125 | E111: 13454.856 | F111: 13892.862 | G111: 14860.587 | H111: 15380.819 | I111: 16505.088 | J111: 18551.225 | K111: 22067.925 | L111: 24178.894 | M111: 25646.294
A112: Заглушка опорная | B112: 1473.725 | C112: 1505.35 | D112: 1612.875 | E112: 1788.3937 | F112: 1921.2188 | G112: 2038.2313 | H112: 2212.1687 | I112: 2284.9062 | J112: 2553.7188 | K112: 2922.15 | L112: 3141.9437 | M112: 3274.7688
... A116: Дефлектор-конус | B116: 2789.325 | C116: 2863.6438 | D116: 3096.0875 | E116: 3360.1562 | F116: 3562.5563 | G116: 4030.6062 | H116: 4403.7812 | I116: 4778.5375 | J116: 5226.0312 | K116: 6343.975 | L116: 7014.425 | M116: 7461.9187
A118: Розничный прайс-лист на продукцию ООО "Дымоход - Трейд плюс " от 20.01.2025
K119: 50мм
A121: Внутренняя труба — Нержавеющая сталь AISI 430 (толщина 0,8мм)
A122: Наружный кожух — Нержавеющая сталь AISI 430 (толщина 0,5мм)
A123: Изоляция — Каолиновая вата (толщина 50мм)
...

Sheet 25 изол (каолин)
A1: Розничный прайс-лист на продукцию ООО "Дымоход - Трейд плюс " от 20.01.2025
K2: 25мм
A4: Внутренняя труба — ОЦИНКОВКА
A5: Наружный кожух — ОЦИНКОВКА
A6: Изоляция — Каолиновая вата (толщина 25мм)
B7: Ø 100/150 | C7: Ø 110/160 | D7: Ø 120/170 | E7: Ø 130/180 | F7: Ø 140/190 | G7: Ø 150/200 | H7: Ø 160/210 | I7: Ø 180/230 | J7: Ø 200/250 | K7: Ø 250/300 | L7: Ø 280/330 | M7: Ø 300/350
A8: Труба L=1000мм | B8: ='50 изол (каолин)'!B8*0.9 -> 2246.0625 | C8: ='50 изол (каолин)'!C8*0.9 -> 2363.13 | D8: ='50 изол (каолин)'!D8*0.9 -> 2593.1813 | E8: ='50 изол (каолин)'!E8*0.9 -> 2697.9975 | F8: ='50 изол (каолин)'!F8*0.9 -> 2960.7188 | G8: ='50 изол (каолин)'!G8*0.9 -> 3168.99 | H8: ='50 изол (каолин)'!H8*0.9 -> 3369.0938 | I8: ='50 изол (каолин)'!I8*0.9 -> 3625.0087 | ... M8: ='50 изол (каолин)'!M8*0.9 -> 5523.9525
A9: Труба L=750 мм | B9: ='50 изол (каолин)'!B9*0.9 -> 1916.64 | C9: ='50 изол (каолин)'!C9*0.9 -> 2041.875 | D9: ='50 изол (каолин)'!D9*0.9 -> 2191.6125 | E9: ='50 изол (каолин)'!E9*0.9 -> 2371.2975 | F9: ='50 изол (каолин)'!F9*0.9 -> 2533.2863 | G9: ='50 изол (каолин)'!G9*0.9 -> 2661.2438 | H9: ='50 изол (каолин)'!H9*0.9 -> 2733.39 | I9: ='50 изол (каолин)'!I9*0.9 -> 2918.52 | ... M9: ='50 изол (каолин)'!M9*0.9 -> 4360.0837
A10: Труба L=500 мм | B10: ='50 изол (каолин)'!B10*0.9 -> 1570.8825 | C10: ='50 изол (каолин)'!C10*0.9 -> 1677.06 | D10: ='50 изол (каолин)'!D10*0.9 -> 1787.3212 | E10: ='50 изол (каолин)'!E10*0.9 -> 1942.5038 | F10: ='50 изол (каолин)'!F10*0.9 -> 2050.0425 | G10: ='50 изол (каолин)'!G10*0.9 -> 2244.7013 | H10: ='50 изол (каолин)'!H10*0.9 -> 2293.7063 | I10: ='50 изол (каолин)'!I10*0.9 -> 2416.2188 | ... M10: ='50 изол (каолин)'!M10*0.9 -> 3397.68
A11: Труба L=350 мм | B11: ='50 изол (каолин)'!B11*0.9 -> 1302.7162 | C11: ='50 изол (каолин)'!C11*0.9 -> 1437.48 | D11: ='50 изол (каолин)'!D11*0.9 -> 1516.4325 | E11: ='50 изол (каолин)'!E11*0.9 -> 1566.7987 | F11: ='50 изол (каолин)'!F11*0.9 -> 1712.4525 | G11: ='50 изол (каолин)'!G11*0.9 -> 1795.4887 | H11: ='50 изол (каолин)'!H11*0.9 -> 1832.2425 | I11: ='50 изол (каолин)'!I11*0.9 -> 1967.0062 | ... M11: ='50 изол (каолин)'!M11*0.9 -> 2998.8337
A12: Труба L=250 мм | B12: ='50 изол (каолин)'!B12*0.9 -> 1117.5863 | C12: ='50 изол (каолин)'!C12*0.9 -> 1165.23 | D12: ='50 изол (каолин)'!D12*0.9 -> 1218.3187 | E12: ='50 изол (каолин)'!E12*0.9 -> 1253.7113 | F12: ='50 изол (каолин)'!F12*0.9 -> 1355.805 | G12: ='50 изол (каолин)'!G12*0.9 -> 1523.2387 | H12: ='50 изол (каолин)'!H12*0.9 -> 1547.7413 | I12: ='50 изол (каолин)'!I12*0.9 -> 1640.3063 | ... M12: ='50 изол (каолин)'!M12*0.9 -> 2388.9938
A13: Труба L=150 мм | B13: ='50 изол (каолин)'!B13*0.9 -> 936.54 | C13: ='50 изол (каолин)'!C13*0.9 -> 989.62875 | D13: ='50 изол (каолин)'!D13*0.9 -> 1020.9375 | E13: ='50 изол (каолин)'!E13*0.9 -> 1044.0787 | F13: ='50 изол (каолин)'!F13*0.9 -> 1105.335 | G13: ='50 изол (каолин)'!G13*0.9 -> 1151.6175 | H13: ='50 изол (каолин)'!H13*0.9 -> 1166.5912 | I13: ='50 изол (каолин)'!I13*0.9 -> 1223.7638 | ... M13: ='50 изол (каолин)'!M13*0.9 -> 1685.2275
A14: Отвод 90 гр | B14: ='50 изол (каолин)'!B14*0.9 -> 2583.6525 | C14: ='50 изол (каолин)'!C14*0.9 -> 2733.39 | D14: ='50 изол (каолин)'!D14*0.9 -> 2884.4887 | E14: ='50 изол (каолин)'!E14*0.9 -> 3045.1163 | F14: ='50 изол (каолин)'!F14*0.9 -> 3096.8438 | G14: ='50 изол (каолин)'!G14*0.9 -> 3249.3038 | H14: ='50 изол (каолин)'!H14*0.9 -> 3522.915 | I14: ='50 изол (каолин)'!I14*0.9 -> 3931.29 | ... M14: ='50 изол (каолин)'!M14*0.9 -> 6716.4075
A15: Отвод 45 гр | B15: ='50 изол (каолин)'!B15*0.9 -> 2379.465 | C15: ='50 изол (каолин)'!C15*0.9 -> 2529.2025 | D15: ='50 изол (каолин)'!D15*0.9 -> 2680.3012 | E15: ='50 изол (каолин)'!E15*0.9 -> 2840.9288 | F15: ='50 изол (каолин)'!F15*0.9 -> 2892.6562 | G15: ='50 изол (каолин)'!G15*0.9 -> 3045.1163 | H15: ='50 изол (каолин)'!H15*0.9 -> 3318.7275 | I15: ='50 изол (каолин)'!I15*0.9 -> 3727.1025 | ... M15: ='50 изол (каолин)'!M15*0.9 -> 6512.22
A16: Тройник с К/О 90гр | B16: ='50 изол (каолин)'!B16*0.9 -> 3932.6512 | C16: ='50 изол (каолин)'!C16*0.9 -> 4086.4725 | D16: ='50 изол (каолин)'!D16*0.9 -> 4320.6075 | E16: ='50 изол (каолин)'!E16*0.9 -> 4454.01 | F16: ='50 изол (каолин)'!F16*0.9 -> 4641.8625 | G16: ='50 изол (каолин)'!G16*0.9 -> 4963.1175 | H16: ='50 изол (каолин)'!H16*0.9 -> 5251.7025 | I16: ='50 изол (каолин)'!I16*0.9 -> 5861.5425 | ... M16: ='50 изол (каолин)'!M16*0.9 -> 9203.4112
A17: Тройник с К/О 45гр | B17: ='50 изол (каолин)'!B17*0.9 -> 4776.6263 | C17: ='50 изол (каолин)'!C17*0.9 -> 4908.6675 | D17: ='50 изол (каолин)'!D17*0.9 -> 5119.6613 | E17: ='50 изол (каолин)'!E17*0.9 -> 5585.2087 | F17: ='50 изол (каолин)'!F17*0.9 -> 5760.81 | G17: ='50 изол (каолин)'!G17*0.9 -> 6392.43 | H17: ='50 изол (каолин)'!H17*0.9 -> 6916.5112 | I17: ='50 изол (каолин)'!I17*0.9 -> 7524.99 | ... M17: ='50 изол (каолин)'!M17*0.9 -> 11735.336
A18: Четверник с К/О 90гр | B18: ='50 изол (каолин)'!B18*0.9 -> 8871.2663 | C18: ='50 изол (каолин)'!C18*0.9 -> 9147.6 | D18: ='50 изол (каолин)'!D18*0.9 -> 9380.3738 | E18: ='50 изол (каолин)'!E18*0.9 -> 9640.3725 | F18: ='50 изол (каолин)'!F18*0.9 -> 9934.4025 | G18: ='50 изол (каолин)'!G18*0.9 -> 10600.054 | H18: ='50 изол (каолин)'!H18*0.9 -> 10953.979 | I18: ='50 изол (каолин)'!I18*0.9 -> 11714.917 | ... M18: ='50 изол (каолин)'!M18*0.9 -> 10413.562
A19: Заглушка опорная | B19: ='50 изол (каолин)'!B19*0.9 -> 1075.3875 | C19: ='50 изол (каолин)'!C19*0.9 -> 1097.1675 | D19: ='50 изол (каолин)'!D19*0.9 -> 1176.12 | E19: ='50 изол (каолин)'!E19*0.9 -> 1304.0775 | F19: ='50 изол (каолин)'!F19*0.9 -> 1400.7262 | G19: ='50 изол (каолин)'!G19*0.9 -> 1485.1237 | H19: ='50 изол (каолин)'!H19*0.9 -> 1613.0812 | I19: ='50 изол (каолин)'!I19*0.9 -> 1666.17 | ... M19: ='50 изол (каолин)'!M19*0.9 -> 2387.6325
... A22: Зонт-конус | B22: ='50 изол (каолин)'!B22*0.9 -> 1592.6625 | C22: ='50 изол (каолин)'!C22*0.9 -> 1647.1125 | D22: ='50 изол (каолин)'!D22*0.9 -> 1840.41 | E22: ='50 изол (каолин)'!E22*0.9 -> 1886.6925 | F22: ='50 изол (каолин)'!F22*0.9 -> 2014.65 | G22: ='50 изол (каолин)'!G22*0.9 -> 2322.2925 | H22: ='50 изол (каолин)'!H22*0.9 -> 2437.9988 | I22: ='50 изол (каолин)'!I22*0.9 -> 2677.5788 | ... M22: ='50 изол (каолин)'!M22*0.9 -> 4093.2787
A24: Розничный прайс-лист на продукцию ООО "Дымоход - Трейд плюс " от 20.01.2025
K25: 25мм
A27: Внутренняя труба — Оцинковка
A28: Наружный кожух — Нержавеющая сталь AISI 430 (толщина 0,5мм)
A29: Изоляция — Каолиновая вата (толщина 25мм)
B30: Ø 100/150 | C30: Ø 110/160 | D30: Ø 120/170 | E30: Ø 130/180 | F30: Ø 140/190 | G30: Ø 150/200 | H30: Ø 160/210 | I30: Ø 180/230 | J30: Ø 200/250 | K30: Ø 250/300 | L30: Ø 280/330 | M30: Ø 300/350
A31: Труба L=1000мм | B31: ='50 изол (каолин)'!B31*0.9 -> 2941.5994 | C31: ='50 изол (каолин)'!C31*0.9 -> 2991.4088 | D31: ='50 изол (каолин)'!D31*0.9 -> 3204.8775 | E31: ='50 изол (каолин)'!E31*0.9 -> 3465.3094 | F31: ='50 изол (каолин)'!F31*0.9 -> 3735.7031 | G31: ='50 изол (каолин)'!G31*0.9 -> 3896.5163 | H31: ='50 изол (каолин)'!H31*0.9 -> 4085.7919 | I31: ='50 изол (каолин)'!I31*0.9 -> 4482.8438 | ... M31: ='50 изол (каолин)'!M31*0.9 -> 7044.4688
A32: Труба L=750 мм | B32: ='50 изол (каолин)'!B32*0.9 -> 2410.7737 | C32: ='50 изол (каолин)'!C32*0.9 -> 2594.3569 | D32: ='50 изол (каолин)'!D32*0.9 -> 2816.3644 | E32: ='50 изол (каолин)'!E32*0.9 -> 3012.7556 | F32: ='50 изол (каолин)'!F32*0.9 -> 3192.0694 | G32: ='50 изол (каолин)'!G32*0.9 -> 3345.7669 | H32: ='50 изол (каолин)'!H32*0.9 -> 3536.4656 | I32: ='50 изол (каолин)'!I32*0.9 -> 4040.2519 | ... M32: ='50 изол (каолин)'!M32*0.9 -> 5896.0069
A33: Труба L=500 мм | B33: ='50 изол (каолин)'!B33*0.9 -> 1878.525 | C33: ='50 изол (каолин)'!C33*0.9 -> 2036.4919 | D33: ='50 изол (каолин)'!D33*0.9 -> 2220.075 | E33: ='50 изол (каолин)'!E33*0.9 -> 2386.5806 | F33: ='50 изол (каолин)'!F33*0.9 -> 2612.8575 | G33: ='50 изол (каолин)'!G33*0.9 -> 2775.0938 | H33: ='50 изол (каолин)'!H33*0.9 -> 2884.6744 | I33: ='50 изол (каолин)'!I33*0.9 -> 3133.7213 | ... M33: ='50 изол (каолин)'!M33*0.9 -> 4909.7812
A34: Труба L=350 мм | B34: ='50 изол (каолин)'!B34*0.9 -> 1559.745 | C34: ='50 изол (каолин)'!C34*0.9 -> 1702.0575 | D34: ='50 изол (каолин)'!D34*0.9 -> 1861.4475 | E34: ='50 изол (каолин)'!E34*0.9 -> 2010.8756 | F34: ='50 изол (каолин)'!F34*0.9 -> 2167.4194 | G34: ='50 изол (каолин)'!G34*0.9 -> 2241.4219 | H34: ='50 изол (каолин)'!H34*0.9 -> 2356.695 | I34: ='50 изол (каолин)'!I34*0.9 -> 2524.6238 | ... M34: ='50 изол (каолин)'!M34*0.9 -> 3910.7475
A35: Труба L=250 мм | B35: ='50 изол (каолин)'!B35*0.9 -> 1480.05 | C35: ='50 изол (каолин)'!C35*0.9 -> 1497.1275 | D35: ='50 изол (каолин)'!D35*0.9 -> 1561.1681 | E35: ='50 изол (каолин)'!E35*0.9 -> 1608.1312 | F35: ='50 изол (каолин)'!F35*0.9 -> 1727.6737 | G35: ='50 изол (каолин)'!G35*0.9 -> 1811.6381 | H35: ='50 изол (каолин)'!H35*0.9 -> 1847.2162 | I35: ='50 изол (каолин)'!I35*0.9 -> 1966.7587 | ... M35: ='50 изол (каолин)'!M35*0.9 -> 2900.3288
A36: Труба L=150 мм | B36: ='50 изол (каолин)'!B36*0.9 -> 1128.5381 | C36: ='50 изол (каолин)'!C36*0.9 -> 1138.5 | D36: ='50 изол (каолин)'!D36*0.9 -> 1176.9244 | E36: ='50 изол (каолин)'!E36*0.9 -> 1203.9637 | F36: ='50 изол (каолин)'!F36*0.9 -> 1273.6969 | G36: ='50 изол (каолин)'!G36*0.9 -> 1332.045 | H36: ='50 изол (каолин)'!H36*0.9 -> 1353.3919 | I36: ='50 изол (каолин)'!I36*0.9 -> 1518.4744 | ... M36: ='50 изол (каолин)'!M36*0.9 -> 2096.2631
A37: Отвод 90 гр | B37: ='50 изол (каолин)'!B37*0.9 -> 3328.6894 | C37: ='50 изол (каолин)'!C37*0.9 -> 3599.0831 | D37: ='50 изол (каолин)'!D37*0.9 -> 3764.1656 | E37: ='50 изол (каолин)'!E37*0.9 -> 4154.1019 | F37: ='50 изол (каолин)'!F37*0.9 -> 4425.9187 | G37: ='50 изол (каолин)'!G37*0.9 -> 4704.8512 | H37: ='50 изол (каолин)'!H37*0.9 -> 4972.3988 | I37: ='50 изол (каолин)'!I37*0.9 -> 5575.8038 | ... M37: ='50 изол (каолин)'!M37*0.9 -> 8968.5338
A38: Отвод 45 гр | B38: ='50 изол (каолин)'!B38*0.9 -> 3115.2206 | C38: ='50 изол (каолин)'!C38*0.9 -> 3385.6144 | D38: ='50 изол (каолин)'!D38*0.9 -> 3550.6969 | E38: ='50 изол (каолин)'!E38*0.9 -> 3940.6331 | F38: ='50 изол (каолин)'!F38*0.9 -> 4135.6012 | G38: ='50 изол (каолин)'!G38*0.9 -> 4491.3825 | H38: ='50 изол (каолин)'!H38*0.9 -> 4758.93 | I38: ='50 изол (каолин)'!I38*0.9 -> 5362.335 | ... M38: ='50 изол (каолин)'!M38*0.9 -> 8755.065
A39: Тройник с К/О 90гр | B39: ='50 изол (каолин)'!B39*0.9 -> 4257.99 | C39: ='50 изол (каолин)'!C39*0.9 -> 4545.4613 | D39: ='50 изол (каолин)'!D39*0.9 -> 4915.4738 | E39: ='50 изол (каолин)'!E39*0.9 -> 5185.8675 | F39: ='50 изол (каолин)'!F39*0.9 -> 5249.9081 | G39: ='50 изол (каолин)'!G39*0.9 -> 5604.2662 | H39: ='50 изол (каолин)'!H39*0.9 -> 5918.7769 | I39: ='50 изол (каолин)'!I39*0.9 -> 6620.3775 | ... M39: ='50 изол (каолин)'!M39*0.9 -> 10411.583
A40: Тройник с К/О 45гр | B40: ='50 изол (каолин)'!B40*0.9 -> 5396.49 | C40: ='50 изол (каолин)'!C40*0.9 -> 5672.5763 | D40: ='50 изол (каолин)'!D40*0.9 -> 5927.3156 | E40: ='50 изол (каолин)'!E40*0.9 -> 6349.9838 | F40: ='50 изол (каолин)'!F40*0.9 -> 6681.5719 | G40: ='50 изол (каолин)'!G40*0.9 -> 7410.2119 | H40: ='50 изол (каолин)'!H40*0.9 -> 8215.7006 | I40: ='50 изол (каолин)'!I40*0.9 -> 9049.6519 | ... M40: ='50 изол (каолин)'!M40*0.9 -> 14060.475
A41: Четверник с К/О 90гр | B41: ='50 изол (каолин)'!B41*0.9 -> 9762.6375 | C41: ='50 изол (каолин)'!C41*0.9 -> 10091.379 | D41: ='50 изол (каолин)'!D41*0.9 -> 10373.158 | E41: ='50 изол (каолин)'!E41*0.9 -> 10684.823 | F41: ='50 изол (каолин)'!F41*0.9 -> 11033.488 | G41: ='50 изол (каолин)'!G41*0.9 -> 11800.552 | H41: ='50 изол (каолин)'!H41*0.9 -> 12214.682 | I41: ='50 изол (каолин)'!I41*0.9 -> 13106.981 | ... M41: ='50 изол (каолин)'!M41*0.9 -> 20366.342
A42: Заглушка опорная | B42: ='50 изол (каолин)'!B42*0.9 -> 1249.5038 | C42: ='50 изол (каолин)'!C42*0.9 -> 1275.12 | D42: ='50 изол (каолин)'!D42*0.9 -> 1366.2 | E42: ='50 изол (каолин)'!E42*0.9 -> 1514.205 | F42: ='50 изол (каолин)'!F42*0.9 -> 1626.6319 | G42: ='50 изол (каолин)'!G42*0.9 -> 1726.2506 | H42: ='50 изол (каолин)'!H42*0.9 -> 1874.2556 | I42: ='50 изол (каолин)'!I42*0.9 -> 1935.45 | ... M42: ='50 изол (каолин)'!M42*0.9 -> 2775.0938
... A46: Дефлектор-конус | B46: ='50 изол (каолин)'!B46*0.9 -> 2362.3875 | C46: ='50 изол (каолин)'!C46*0.9 -> 2425.005 | D46: ='50 изол (каолин)'!D46*0.9 -> 2621.3962 | E46: ='50 изол (каолин)'!E46*0.9 -> 2846.25 | F46: ='50 изол (каолин)'!F46*0.9 -> 3017.025 | G46: ='50 изол (каолин)'!G46*0.9 -> 3236.1863 | H46: ='50 изол (каолин)'!H46*0.9 -> 3463.8863 | I46: ='50 изол (каолин)'!I46*0.9 -> 3812.5519 | ... M46: ='50 изол (каолин)'!M46*0.9 -> 4683.375
A48: Розничный прайс-лист на продукцию ООО "Дымоход - Трейд плюс " от 20.01.2025
K49: 25мм
A51: Внутренняя труба — Нержавеющая сталь AISI 430 (толщина 0,5мм)
A52: Наружный кожух — Оцинковка
A53: Изоляция — Каолиновая вата (толщина 25мм)
B54: Ø 100/150 | C54: Ø 110/160 | D54: Ø 120/170 | E54: Ø 130/180 | F54: Ø 140/190 | G54: Ø 150/200 | H54: Ø 160/210 | I54: Ø 180/230 | J54: Ø 200/250 | K54: Ø 250/300 | L54: Ø 280/330 | M54: Ø 300/350
A55: Труба L=1000мм | B55: ='50 изол (каолин)'!B55*0.9 -> 2545.5375 | C55: ='50 изол (каолин)'!C55*0.9 -> 2719.7775 | D55: ='50 изол (каолин)'!D55*0.9 -> 2938.9387 | E55: ='50 изол (каолин)'!E55*0.9 -> 3057.3675 | F55: ='50 изол (каолин)'!F55*0.9 -> 3355.4812 | G55: ='50 изол (каолин)'!G55*0.9 -> 3590.9775 | H55: ='50 изол (каолин)'!H55*0.9 -> 3818.3063 | I55: ='50 изол (каолин)'!I55*0.9 -> 4108.2525 | ... M55: ='50 изол (каолин)'!M55*0.9 -> 6260.3888
A56: Труба L=750 мм | B56: ='50 изол (каолин)'!B56*0.9 -> 2171.1937 | C56: ='50 изол (каолин)'!C56*0.9 -> 2314.125 | D56: ='50 изол (каолин)'!D56*0.9 -> 2482.92 | E56: ='50 изол (каолин)'!E56*0.9 -> 2687.1075 | F56: ='50 изол (каолин)'!F56*0.9 -> 2870.8762 | G56: ='50 изол (каолин)'!G56*0.9 -> 3016.53 | H56: ='50 изол (каолин)'!H56*0.9 -> 3096.8438 | I56: ='50 изол (каолин)'!I56*0.9 -> 3307.8375 | ... M56: ='50 изол (каолин)'!M56*0.9 -> 4941.3375
A57: Труба L=500 мм | B57: ='50 изол (каолин)'!B57*0.9 -> 1780.515 | C57: ='50 изол (каолин)'!C57*0.9 -> 1901.6662 | D57: ='50 изол (каолин)'!D57*0.9 -> 2025.54 | E57: ='50 изол (каолин)'!E57*0.9 -> 2201.1413 | F57: ='50 изол (каолин)'!F57*0.9 -> 2323.6537 | G57: ='50 изол (каолин)'!G57*0.9 -> 2544.1762 | H57: ='50 изол (каолин)'!H57*0.9 -> 2598.6262 | I57: ='50 изол (каолин)'!I57*0.9 -> 2738.835 | ... M57: ='50 изол (каолин)'!M57*0.9 -> 3850.9763
A58: Труба L=350 мм | B58: ='50 изол (каолин)'!B58*0.9 -> 1476.9562 | C58: ='50 изол (каолин)'!C58*0.9 -> 1629.4162 | D58: ='50 изол (каолин)'!D58*0.9 -> 1717.8975 | E58: ='50 изол (каолин)'!E58*0.9 -> 1776.4313 | F58: ='50 изол (каолин)'!F58*0.9 -> 1939.7812 | G58: ='50 изол (каолин)'!G58*0.9 -> 2033.7075 | H58: ='50 изол (каолин)'!H58*0.9 -> 2075.9062 | I58: ='50 изол (каолин)'!I58*0.9 -> 2229.7275 | ... M58: ='50 изол (каолин)'!M58*0.9 -> 3397.68
A59: Труба L=250 мм | B59: ='50 изол (каолин)'!B59*0.9 -> 1187.01 | C59: ='50 изол (каолин)'!C59*0.9 -> 1320.4125 | D59: ='50 изол (каолин)'!D59*0.9 -> 1380.3075 | E59: ='50 изол (каолин)'!E59*0.9 -> 1421.145 | F59: ='50 изол (каолин)'!F59*0.9 -> 1536.8512 | G59: ='50 изол (каолин)'!G59*0.9 -> 1726.065 | H59: ='50 изол (каолин)'!H59*0.9 -> 1754.6512 | I59: ='50 изол (каолин)'!I59*0.9 -> 1859.4675 | ... M59: ='50 изол (каолин)'!M59*0.9 -> 2707.5262
A60: Труба L=150 мм | B60: ='50 изол (каолин)'!B60*0.9 -> 995.07375 | C60: ='50 изол (каолин)'!C60*0.9 -> 1121.67 | D60: ='50 изол (каолин)'!D60*0.9 -> 1157.0625 | E60: ='50 изол (каолин)'!E60*0.9 -> 1182.9262 | F60: ='50 изол (каолин)'!F60*0.9 -> 1252.35 | G60: ='50 изол (каолин)'!G60*0.9 -> 1305.4388 | H60: ='50 изол (каолин)'!H60*0.9 -> 1323.135 | I60: ='50 изол (каолин)'!I60*0.9 -> 1385.7525 | ... M60: ='50 изол (каолин)'!M60*0.9 -> 1909.8338
A61: Отвод 90 гр | B61: ='50 изол (каолин)'!B61*0.9 -> 2928.0487 | C61: ='50 изол (каолин)'!C61*0.9 -> 3096.8438 | D61: ='50 изол (каолин)'!D61*0.9 -> 3268.3612 | E61: ='50 изол (каолин)'!E61*0.9 -> 3452.13 | F61: ='50 изол (каолин)'!F61*0.9 -> 3509.3025 | G61: ='50 изол (каолин)'!G61*0.9 -> 3683.5425 | H61: ='50 изол (каолин)'!H61*0.9 -> 3992.5462 | I61: ='50 изол (каолин)'!I61*0.9 -> 4455.3713 | ... M61: ='50 изол (каолин)'!M61*0.9 -> 7612.11
A62: Отвод 45 гр | B62: ='50 изол (каолин)'!B62*0.9 -> 2696.6363 | C62: ='50 изол (каолин)'!C62*0.9 -> 2865.4313 | D62: ='50 изол (каолин)'!D62*0.9 -> 3036.9488 | E62: ='50 изол (каолин)'!E62*0.9 -> 3220.7175 | F62: ='50 изол (каолин)'!F62*0.9 -> 3277.89 | G62: ='50 изол (каолин)'!G62*0.9 -> 3452.13 | H62: ='50 изол (каолин)'!H62*0.9 -> 3761.1337 | I62: ='50 изол (каолин)'!I62*0.9 -> 4223.9587 | ... M62: ='50 изол (каолин)'!M62*0.9 -> 7380.6975
A63: Тройник с К/О 90гр | B63: ='50 изол (каолин)'!B63*0.9 -> 4177.6763 | C63: ='50 изол (каолин)'!C63*0.9 -> 4342.3875 | D63: ='50 изол (каолин)'!D63*0.9 -> 4590.135 | E63: ='50 изол (каолин)'!E63*0.9 -> 5048.8763 | F63: ='50 изол (каолин)'!F63*0.9 -> 5261.2312 | G63: ='50 изол (каолин)'!G63*0.9 -> 5624.685 | H63: ='50 изол (каолин)'!H63*0.9 -> 5951.385 | I63: ='50 изол (каолин)'!I63*0.9 -> 6642.9 | ... M63: ='50 изол (каолин)'!M63*0.9 -> 10431.259
A64: Тройник с К/О 45гр | B64: ='50 изол (каолин)'!B64*0.9 -> 5413.6912 | C64: ='50 изол (каолин)'!C64*0.9 -> 5563.4288 | D64: ='50 изол (каолин)'!D64*0.9 -> 5801.6475 | E64: ='50 изол (каолин)'!E64*0.9 -> 6329.8125 | F64: ='50 изол (каолин)'!F64*0.9 -> 6529.9163 | G64: ='50 изол (каолин)'!G64*0.9 -> 7244.5725 | H64: ='50 изол (каолин)'!H64*0.9 -> 7839.4388 | I64: ='50 изол (каолин)'!I64*0.9 -> 8528.2313 | ... M64: ='50 изол (каолин)'!M64*0.9 -> 13300.774
A65: Четверник с К/О 90гр | B65: ='50 изол (каолин)'!B65*0.9 -> 10054.192 | C65: ='50 изол (каолин)'!C65*0.9 -> 10367.28 | D65: ='50 изол (каолин)'!D65*0.9 -> 10631.362 | E65: ='50 изол (каолин)'!E65*0.9 -> 10926.754 | F65: ='50 изол (каолин)'!F65*0.9 -> 11258.899 | G65: ='50 изол (каолин)'!G65*0.9 -> 12014.392 | H65: ='50 изол (каолин)'!H65*0.9 -> 12414.6 | I65: ='50 изол (каолин)'!I65*0.9 -> 13277.632 | ... M65: ='50 изол (каолин)'!M65*0.9 -> 11802.038
A66: Заглушка опорная | B66: ='50 изол (каолин)'!B66*0.9 -> 1142.0887 | C66: ='50 изол (каолин)'!C66*0.9 -> 1166.5912 | D66: ='50 изол (каолин)'!D66*0.9 -> 1249.6275 | E66: ='50 изол (каолин)'!E66*0.9 -> 1384.3912 | F66: ='50 изол (каолин)'!F66*0.9 -> 1487.8463 | G66: ='50 изол (каолин)'!G66*0.9 -> 1577.6888 | H66: ='50 изол (каолин)'!H66*0.9 -> 1713.8138 | I66: ='50 изол (каолин)'!I66*0.9 -> 1770.9862 | ... M66: ='50 изол (каолин)'!M66*0.9 -> 2537.37
... A69: Зонт-конус | B69: ='50 изол (каолин)'!B69*0.9 -> 1692.0338 | C69: ='50 изол (каолин)'!C69*0.9 -> 1750.5675 | D69: ='50 изол (каолин)'!D69*0.9 -> 1956.1163 | E69: ='50 изол (каолин)'!E69*0.9 -> 2003.76 | F69: ='50 изол (каолин)'!F69*0.9 -> 2141.2463 | G69: ='50 изол (каолин)'!G69*0.9 -> 2467.9462 | H69: ='50 изол (каолин)'!H69*0.9 -> 2590.4587 | I69: ='50 изол (каолин)'!I69*0.9 -> 2845.0125 | ... M69: ='50 изол (каолин)'!M69*0.9 -> 4349.1938
A71: Розничный прайс-лист на продукцию ООО "Дымоход - Трейд плюс " от 20.01.2025
K72: 25мм
A74: Внутренняя труба — Нержавеющая сталь AISI 430 (толщина 0,8мм)
A75: Наружный кожух — Оцинковка
A76: Изоляция — Каолиновая вата (толщина 25мм)
B77: Ø 100/150 | C77: Ø 110/160 | D77: Ø 120/170 | E77: Ø 130/180 | F77: Ø 140/190 | G77: Ø 150/200 | H77: Ø 160/210 | I77: Ø 180/230 | J77: Ø 200/250 | K77: Ø 250/300 | L77: Ø 280/330 | M77: Ø 300/350
A78: Труба L=1000мм | B78: ='50 изол (каолин)'!B78*0.9 -> 3066.8962 | C78: ='50 изол (каолин)'!C78*0.9 -> 3216.6337 | D78: ='50 изол (каолин)'!D78*0.9 -> 3491.6062 | E78: ='50 изол (каолин)'!E78*0.9 -> 3899.9812 | F78: ='50 изол (каолин)'!F78*0.9 -> 4049.7188 | G78: ='50 изол (каолин)'!G78*0.9 -> 4155.8962 | H78: ='50 изол (каолин)'!H78*0.9 -> 5037.9862 | I78: ='50 изол (каолин)'!I78*0.9 -> 5289.8175 | ... M78: ='50 изол (каолин)'!M78*0.9 -> 8566.3463
A79: Труба L=750 мм | B79: ='50 изол (каолин)'!B79*0.9 -> 2545.5375 | C79: ='50 изол (каолин)'!C79*0.9 -> 2711.61 | D79: ='50 изол (каолин)'!D79*0.9 -> 2971.6087 | E79: ='50 изол (каолин)'!E79*0.9 -> 3355.4812 | F79: ='50 изол (каолин)'!F79*0.9 -> 3471.1875 | G79: ='50 изол (каолин)'!G79*0.9 -> 3576.0037 | H79: ='50 изол (каолин)'!H79*0.9 -> 4285.215 | I79: ='50 изол (каолин)'!I79*0.9 -> 4512.5437 | ... M79: ='50 изол (каолин)'!M79*0.9 -> 7352.1112
A80: Труба L=500 мм | B80: ='50 изол (каолин)'!B80*0.9 -> 2112.66 | C80: ='50 изол (каолин)'!C80*0.9 -> 2198.4187 | D80: ='50 изол (каолин)'!D80*0.9 -> 2429.8313 | E80: ='50 изол (каолин)'!E80*0.9 -> 2703.4425 | F80: ='50 изол (каолин)'!F80*0.9 -> 2835.4837 | G80: ='50 изол (каолин)'!G80*0.9 -> 2892.6562 | H80: ='50 изол (каолин)'!H80*0.9 -> 3533.805 | I80: ='50 изол (каолин)'!I80*0.9 -> 3723.0188 | ... M80: ='50 изол (каолин)'!M80*0.9 -> 6241.3313
A81: Труба L=350 мм | B81: ='50 изол (каолин)'!B81*0.9 -> 1702.9237 | C81: ='50 изол (каолин)'!C81*0.9 -> 1738.3163 | D81: ='50 изол (каолин)'!D81*0.9 -> 1923.4462 | E81: ='50 изол (каолин)'!E81*0.9 -> 2270.565 | F81: ='50 изол (каолин)'!F81*0.9 -> 2352.24 | G81: ='50 изол (каолин)'!G81*0.9 -> 2429.8313 | H81: ='50 изол (каолин)'!H81*0.9 -> 2766.06 | I81: ='50 изол (каолин)'!I81*0.9 -> 2979.7762 | ... M81: ='50 изол (каолин)'!M81*0.9 -> 4577.8837
A82: Труба L=250 мм | B82: ='50 изол (каолин)'!B82*0.9 -> 1388.475 | C82: ='50 изол (каолин)'!C82*0.9 -> 1506.9037 | D82: ='50 изол (каолин)'!D82*0.9 -> 1619.8875 | E82: ='50 изол (каолин)'!E82*0.9 -> 1762.8187 | F82: ='50 изол (каолин)'!F82*0.9 -> 1924.8075 | G82: ='50 изол (каолин)'!G82*0.9 -> 2116.7438 | H82: ='50 изол (каолин)'!H82*0.9 -> 2175.2775 | I82: ='50 изол (каолин)'!I82*0.9 -> 2327.7375 | ... M82: ='50 изол (каолин)'!M82*0.9 -> 3491.6062
A83: Труба L=150 мм | B83: ='50 изол (каолин)'!B83*0.9 -> 1199.2613 | C83: ='50 изол (каолин)'!C83*0.9 -> 1245.5438 | D83: ='50 изол (каолин)'!D83*0.9 -> 1384.3912 | E83: ='50 изол (каолин)'!E83*0.9 -> 1418.4225 | F83: ='50 изол (каолин)'!F83*0.9 -> 1516.4325 | G83: ='50 изол (каолин)'!G83*0.9 -> 1573.605 | H83: ='50 изол (каолин)'!H83*0.9 -> 1604.9137 | I83: ='50 изол (каолин)'!I83*0.9 -> 1692.0338 | ... M83: ='50 изол (каолин)'!M83*0.9 -> 2399.8837
A84: Отвод 90 гр | B84: ='50 изол (каолин)'!B84*0.9 -> 3250.665 | C84: ='50 изол (каолин)'!C84*0.9 -> 3554.2238 | D84: ='50 изол (каолин)'!D84*0.9 -> 3974.85 | E84: ='50 изол (каолин)'!E84*0.9 -> 4297.4663 | F84: ='50 изол (каолин)'!F84*0.9 -> 4724.8988 | G84: ='50 изол (каолин)'!G84*0.9 -> 5288.4563 | H84: ='50 изол (каолин)'!H84*0.9 -> 5857.4587 | I84: ='50 изол (каолин)'!I84*0.9 -> 6063.0075 | ... M84: ='50 изол (каолин)'!M84*0.9 -> 10836.911
A85: Отвод 45 гр | B85: ='50 изол (каолин)'!B85*0.9 -> 3019.2525 | C85: ='50 изол (каолин)'!C85*0.9 -> 3322.8113 | D85: ='50 изол (каолин)'!D85*0.9 -> 3743.4375 | E85: ='50 изол (каолин)'!E85*0.9 -> 4066.0538 | F85: ='50 изол (каолин)'!F85*0.9 -> 4493.4862 | G85: ='50 изол (каолин)'!G85*0.9 -> 5057.0437 | H85: ='50 изол (каолин)'!H85*0.9 -> 5626.0463 | I85: ='50 изол (каолин)'!I85*0.9 -> 5831.595 | ... M85: ='50 изол (каолин)'!M85*0.9 -> 10605.499
A86: Тройник с К/О 90гр | B86: ='50 изол (каолин)'!B86*0.9 -> 4688.145 | C86: ='50 изол (каолин)'!C86*0.9 -> 5043.4312 | D86: ='50 изол (каолин)'!D86*0.9 -> 5461.335 | E86: ='50 изол (каолин)'!E86*0.9 -> 5909.1862 | F86: ='50 изол (каолин)'!F86*0.9 -> 6200.4937 | G86: ='50 изол (каолин)'!G86*0.9 -> 6683.7375 | H86: ='50 изол (каолин)'!H86*0.9 -> 6969.6 | I86: ='50 изол (каолин)'!I86*0.9 -> 7617.555 | ... M86: ='50 изол (каолин)'!M86*0.9 -> 10685.812
A87: Тройник с К/О 45гр | B87: ='50 изол (каолин)'!B87*0.9 -> 6239.97 | C87: ='50 изол (каолин)'!C87*0.9 -> 6621.12 | D87: ='50 изол (каолин)'!D87*0.9 -> 6836.1975 | E87: ='50 изол (каолин)'!E87*0.9 -> 7248.6562 | F87: ='50 изол (каолин)'!F87*0.9 -> 7579.44 | G87: ='50 изол (каолин)'!G87*0.9 -> 8381.2162 | H87: ='50 изол (каолин)'!H87*0.9 -> 8899.8525 | I87: ='50 изол (каолин)'!I87*0.9 -> 10055.554 | ... M87: ='50 изол (каолин)'!M87*0.9 -> 16965.259
A88: Четверник с К/О 90гр | B88: ='50 изол (каолин)'!B88*0.9 -> 11513.452 | C88: ='50 изол (каолин)'!C88*0.9 -> 11887.796 | D88: ='50 изол (каолин)'!D88*0.9 -> 12192.716 | E88: ='50 изол (каолин)'!E88*0.9 -> 12539.835 | F88: ='50 изол (каолин)'!F88*0.9 -> 12933.236 | G88: ='50 изол (каолин)'!G88*0.9 -> 13823.494 | H88: ='50 изол (каолин)'!H88*0.9 -> 14302.654 | I88: ='50 изол (каолин)'!I88*0.9 -> 15339.926 | ... M88: ='50 изол (каолин)'!M88*0.9 -> 23007.847
A89: Заглушка опорная | B89: ='50 изол (каолин)'!B89*0.9 -> 1346.2762 | C89: ='50 изол (каолин)'!C89*0.9 -> 1372.14 | D89: ='50 изол (каолин)'!D89*0.9 -> 1400.7262 | E89: ='50 изол (каолин)'!E89*0.9 -> 1543.6575 | F89: ='50 изол (каолин)'!F89*0.9 -> 1685.2275 | G89: ='50 изол (каолин)'!G89*0.9 -> 1762.8187 | H89: ='50 изол (каолин)'!H89*0.9 -> 1909.8338 | I89: ='50 изол (каолин)'!I89*0.9 -> 1971.09 | ... M89: ='50 изол (каолин)'!M89*0.9 -> 2651.715
... A92: Шибер поворотный | B92: ='50 изол (каолин)'!B92*0.9 -> 3159.4612 | C92: ='50 изол (каолин)'!C92*0.9 -> 3200.2987 | D92: ='50 изол (каолин)'!D92*0.9 -> 3291.5025 | E92: ='50 изол (каолин)'!E92*0.9 -> 3605.9513 | F92: ='50 изол (каолин)'!F92*0.9 -> 3810.1388 | G92: ='50 изол (каолин)'!G92*0.9 -> 4131.3938 | H92: ='50 изол (каолин)'!H92*0.9 -> 4189.9275 | I92: ='50 изол (каолин)'!I92*0.9 -> 4350.555 | ... M92: ='50 изол (каолин)'!M92*0.9 -> 6260.3888
A94: Розничный прайс-лист на продукцию ООО "Дымоход - Трейд плюс " от 20.01.2025
K95: 25мм
A97: Внутренняя труба — Нержавеющая сталь AISI 430 (толщина 0,5 мм)
A98: Наружный кожух — Нержавеющая сталь AISI 430 (толщина 0,5 мм)
A99: Изоляция — Каолиновая вата (толщина 25мм)
B100: Ø 100/150 | C100: Ø 110/160 | D100: Ø 120/170 | E100: Ø 130/180 | F100: Ø 140/190 | G100: Ø 150/200 | H100: Ø 160/210 | I100: Ø 180/230 | J100: Ø 200/250 | K100: Ø 250/300 | L100: Ø 280/330 | M100: Ø 300/350
A101: Труба L=1000мм | B101: ='50 изол (каолин)'!B101*0.9 -> 3334.3819 | C101: ='50 изол (каолин)'!C101*0.9 -> 3389.8837 | D101: ='50 изол (каолин)'!D101*0.9 -> 3633.2381 | E101: ='50 изол (каолин)'!E101*0.9 -> 3926.4019 | F101: ='50 изол (каолин)'!F101*0.9 -> 4233.7969 | G101: ='50 изол (каолин)'!G101*0.9 -> 4415.9569 | H101: ='50 изол (каолин)'!H101*0.9 -> 4630.8488 | I101: ='50 изол (каолин)'!I101*0.9 -> 5080.5562 | ... M101: ='50 изол (каолин)'!M101*0.9 -> 7983.7312
A102: Труба L=750 мм | B102: ='50 изол (каолин)'!B102*0.9 -> 2732.4 | C102: ='50 изол (каолин)'!C102*0.9 -> 2940.1762 | D102: ='50 изол (каолин)'!D102*0.9 -> 3192.0694 | E102: ='50 изол (каолин)'!E102*0.9 -> 3415.5 | F102: ='50 изол (каолин)'!F102*0.9 -> 3617.5837 | G102: ='50 изол (каолин)'!G102*0.9 -> 3791.205 | H102: ='50 изол (каолин)'!H102*0.9 -> 4007.52 | I102: ='50 изол (каолин)'!I102*0.9 -> 4578.1931 | ... M102: ='50 изол (каолин)'!M102*0.9 -> 6681.5719
A103: Труба L=500 мм | B103: ='50 изол (каолин)'!B103*0.9 -> 2128.995 | C103: ='50 изол (каолин)'!C103*0.9 -> 2308.3088 | D103: ='50 изол (каолин)'!D103*0.9 -> 2516.085 | E103: ='50 изол (каолин)'!E103*0.9 -> 2705.3606 | F103: ='50 изол (каолин)'!F103*0.9 -> 2961.5231 | G103: ='50 изол (каолин)'!G103*0.9 -> 3145.1062 | H103: ='50 изол (каолин)'!H103*0.9 -> 3270.3412 | I103: ='50 изол (каолин)'!I103*0.9 -> 3552.12 | ... M103: ='50 изол (каолин)'!M103*0.9 -> 5564.4187
A104: Труба L=350 мм | B104: ='50 изол (каолин)'!B104*0.9 -> 1767.5213 | C104: ='50 изол (каолин)'!C104*0.9 -> 1928.3344 | D104: ='50 изол (каолин)'!D104*0.9 -> 2109.0712 | E104: ='50 изол (каолин)'!E104*0.9 -> 2278.4231 | F104: ='50 изол (каолин)'!F104*0.9 -> 2456.3137 | G104: ='50 изол (каолин)'!G104*0.9 -> 2540.2781 | H104: ='50 изол (каолин)'!H104*0.9 -> 2671.2056 | I104: ='50 изол (каолин)'!I104*0.9 -> 2860.4812 | ... M104: ='50 изол (каолин)'!M104*0.9 -> 4431.6112
A105: Труба L=250 мм | B105: ='50 изол (каолин)'!B105*0.9 -> 1676.4413 | C105: ='50 изол (каолин)'!C105*0.9 -> 1697.7881 | D105: ='50 изол (каолин)'!D105*0.9 -> 1770.3675 | E105: ='50 изол (каолин)'!E105*0.9 -> 1821.6 | F105: ='50 изол (каолин)'!F105*0.9 -> 1956.7969 | G105: ='50 изол (каолин)'!G105*0.9 -> 2052.1462 | H105: ='50 изол (каолин)'!H105*0.9 -> 2093.4169 | I105: ='50 изол (каолин)'!I105*0.9 -> 2230.0369 | ... M105: ='50 изол (каолин)'!M105*0.9 -> 3285.9956
A106: Труба L=150 мм | B106: ='50 изол (каолин)'!B106*0.9 -> 1277.9662 | C106: ='50 изол (каолин)'!C106*0.9 -> 1290.7744 | D106: ='50 изол (каолин)'!D106*0.9 -> 1333.4681 | E106: ='50 изол (каолин)'!E106*0.9 -> 1364.7769 | F106: ='50 изол (каолин)'!F106*0.9 -> 1443.0487 | G106: ='50 изол (каолин)'!G106*0.9 -> 1509.9356 | H106: ='50 изол (каолин)'!H106*0.9 -> 1534.1288 | I106: ='50 изол (каолин)'!I106*0.9 -> 1720.5581 | ... M106: ='50 изол (каолин)'!M106*0.9 -> 2375.1956
A107: Отвод 90 гр | B107: ='50 изол (каолин)'!B107*0.9 -> 3771.2812 | C107: ='50 изол (каолин)'!C107*0.9 -> 4078.6762 | D107: ='50 изол (каолин)'!D107*0.9 -> 4266.5288 | E107: ='50 изол (каолин)'!E107*0.9 -> 4707.6975 | F107: ='50 изол (каолин)'!F107*0.9 -> 5015.0925 | G107: ='50 изол (каолин)'!G107*0.9 -> 5332.4494 | H107: ='50 изол (каолин)'!H107*0.9 -> 5634.1519 | I107: ='50 изол (каолин)'!I107*0.9 -> 6318.675 | ... M107: ='50 изол (каолин)'!M107*0.9 -> 10163.959
A108: Отвод 45 гр | B108: ='50 изол (каолин)'!B108*0.9 -> 3529.35 | C108: ='50 изол (каолин)'!C108*0.9 -> 3836.745 | D108: ='50 изол (каолин)'!D108*0.9 -> 4024.5975 | E108: ='50 изол (каолин)'!E108*0.9 -> 4465.7662 | F108: ='50 изол (каолин)'!F108*0.9 -> 4773.1613 | G108: ='50 изол (каолин)'!G108*0.9 -> 5090.5181 | H108: ='50 изол (каолин)'!H108*0.9 -> 5392.2206 | I108: ='50 изол (каолин)'!I108*0.9 -> 6076.7437 | ... M108: ='50 изол (каолин)'!M108*0.9 -> 9922.0275
A109: Тройник с К/О 90гр | B109: ='50 изол (каолин)'!B109*0.9 -> 4524.1144 | C109: ='50 изол (каолин)'!C109*0.9 -> 4828.6631 | D109: ='50 изол (каолин)'!D109*0.9 -> 5221.4456 | E109: ='50 изол (каолин)'!E109*0.9 -> 5876.0831 | F109: ='50 изол (каолин)'!F109*0.9 -> 5948.6625 | G109: ='50 изол (каолин)'!G109*0.9 -> 6351.4069 | H109: ='50 изол (каолин)'!H109*0.9 -> 6707.1881 | I109: ='50 изол (каолин)'!I109*0.9 -> 7460.0212 | ... M109: ='50 изол (каолин)'!M109*0.9 -> 11799.129
A110: Тройник с К/О 45гр | B110: ='50 изол (каолин)'!B110*0.9 -> 6116.5913 | C110: ='50 изол (каолин)'!C110*0.9 -> 6428.2556 | D110: ='50 изол (каолин)'!D110*0.9 -> 6717.15 | E110: ='50 изол (каолин)'!E110*0.9 -> 7196.7431 | F110: ='50 изол (каолин)'!F110*0.9 -> 7572.4481 | G110: ='50 изол (каолин)'!G110*0.9 -> 8399.2838 | H110: ='50 изол (каолин)'!H110*0.9 -> 9310.0837 | I110: ='50 изол (каолин)'!I110*0.9 -> 10256.462 | ... M110: ='50 изол (каолин)'!M110*0.9 -> 15934.731
A111: Четверник с К/О 90гр | B111: ='50 изол (каолин)'!B111*0.9 -> 11064.797 | C111: ='50 изол (каолин)'!C111*0.9 -> 11436.233 | D111: ='50 изол (каолин)'!D111*0.9 -> 11755.013 | E111: ='50 изол (каолин)'!E111*0.9 -> 12109.371 | F111: ='50 изол (каолин)'!F111*0.9 -> 12503.576 | G111: ='50 изол (каолин)'!G111*0.9 -> 13374.529 | H111: ='50 изол (каолин)'!H111*0.9 -> 13842.737 | I111: ='50 изол (каолин)'!I111*0.9 -> 14854.579 | ... M111: ='50 изол (каолин)'!M111*0.9 -> 23081.664
A112: Заглушка опорная | B112: ='50 изол (каолин)'!B112*0.9 -> 1326.3525 | C112: ='50 изол (каолин)'!C112*0.9 -> 1354.815 | D112: ='50 изол (каолин)'!D112*0.9 -> 1451.5875 | E112: ='50 изол (каолин)'!E112*0.9 -> 1609.5544 | F112: ='50 изол (каолин)'!F112*0.9 -> 1729.0969 | G112: ='50 изол (каолин)'!G112*0.9 -> 1834.4081 | H112: ='50 изол (каолин)'!H112*0.9 -> 1990.9519 | I112: ='50 изол (каолин)'!I112*0.9 -> 2056.4156 | ... M112: ='50 изол (каолин)'!M112*0.9 -> 2947.2919
... A116: Дефлектор-конус | B116: ='50 изол (каолин)'!B116*0.9 -> 2510.3925 | C116: ='50 изол (каолин)'!C116*0.9 -> 2577.2794 | D116: ='50 изол (каолин)'!D116*0.9 -> 2786.4788 | E116: ='50 изол (каолин)'!E116*0.9 -> 3024.1406 | F116: ='50 изол (каолин)'!F116*0.9 -> 3206.3006 | G116: ='50 изол (каолин)'!G116*0.9 -> 3627.5456 | H116: ='50 изол (каолин)'!H116*0.9 -> 3963.4031 | I116: ='50 изол (каолин)'!I116*0.9 -> 4300.6838 | ... M116: ='50 изол (каолин)'!M116*0.9 -> 6715.7269
A118: Розничный прайс-лист на продукцию ООО "Дымоход - Трейд плюс " от 20.01.2025
K119: 25мм
A121: Внутренняя труба — Нержавеющая сталь AISI 430 (толщина 0,8 мм)
A122: Наружный кожух — Нержавеющая сталь AISI 430 (толщина 0,5 мм)
A123: Изоляция — Каолиновая вата (толщина 25мм)
...

Sheet Фланцы
A1: Розничный прайс-лист на продукцию ООО "Дымоход - Трейд плюс " от 01.01.2024
A3: Проходной узел кровли | C3: 500*500 | D3: 600*600 | E3: 800*800 | F3: 1000*800 | I3: 1000*1000
C4: 100-125 | D4: 130-155 | E4: 160-185 | F4: 190-210 | G4: 215-245 | H4: 250-275 | I4: 280-300 | J4: 305-350 | K4: 350-400
A5: Оцинковка | C5: 2805 | D5: 3003 | E5: 3465 | F5: 4433 | G5: 4675 | H5: 4950 | I5: 5060 | J5: 5577 | K5: 6050
A6: Нерж 304 | C6: 4372.5 | D6: 5115 | E6: 6270 | F6: 8030 | G6: 9350 | H6: 9570 | I6: 10560 | J6: 11385 | K6: 12210
A7: Нерж 430 | C7: 3465 | D7: 4015 | E7: 4730 | F7: 6050 | G7: 6710 | H7: 7040 | I7: 7920 | J7: 8690 | K7: 9350
A9: Проходной стакан
C10: 500*500 гильза Д400 | F10: 600*600 гильза Д400 | I10: 700*700 гильза Д450
C11: Ø 100-200 | F11: Ø 210-280 | I11: Ø 300-400
A12: Оцинковка | C12: 1760 | F12: 2090 | I12: 2475
A13: Нерж 304 | C13: 4125 | F13: 4785 | I13: 5775
A14: Нерж 430 | C14: 2816 | F14: 3950 | I14: 4455
C15: Комплект Ваты в стакан 1000 руб
A17: Фланец Декоративный
C18: 500*500 | D18: 500*650 | E18: 600*600 | F18: 650*650 | G18: 600*750 | H18: 700*700 | I18: 750*750 | J18: 800*800 | K18: 800*850 | L18: 800*1000 | M18: 1000*1000
A19: Оцинковка | C19: 605 | D19: 715 | E19: 770 | F19: 825 | G19: 880 | H19: 935 | I19: 990 | J19: 1100 | K19: 1210 | L19: 1375 | M19: 1650
A20: Оцинковка под углом | C20: 726 | D20: 858 | E20: 924 | F20: 990 | G20: 1056 | H20: 1122 | I20: 1188 | J20: 1320 | K20: 1452 | L20: 1650 | M20: 1980
A21: Нерж 304 | C21: 1881 | D21: 2090 | E21: 2299 | F21: 2466.2 | G21: 2508 | H21: 2717 | I21: 2926 | J21: 3239.5 | K21: 3344 | L21: 3866.5 | M21: 4702.5
A22: Нерж 304 под углом | C22: 2257.2 | D22: 2508 | E22: 2758.8 | F22: 2959 | G22: 3009.6 | H22: 3260.4 | I22: 3511.2 | J22: 3887.4 | K22: 4012.8 | L22: 4639.8 | M22: 5643
A23: Нерж 430 | C23: 1133 | D23: 1496 | E23: 1672 | F23: 1760 | G23: 1870 | H23: 1925 | I23: 1980 | J23: 2035 | K23: 2090 | L23: 2310 | M23: 2475
A24: Нерж 430 под углом | C24: 1359.6 | D24: 1795.2 | E24: 2006.4 | F24: 2112 | G24: 2244 | H24: 2310 | I24: 2376 | J24: 2442 | K24: 2508 | L24: 2772 | M24: 2970
A26: Лист | C26: 500*500 | D26: 600*600 | E26: 700*700 | F26: 800*800 | G26: 900*900 | H26: 1000*1000 | I26: 1000*1500 | J26: 1000*2000
A27: Оцинковка | C27: По фланцу | H27: 1210 | I27: 1760 | J27: 2200
A28: Нерж 304 | H28: 4510 | I28: 6490 | J28: 8580
A29: Нерж 430 | H29: 2200 | I29: 3080 | J29: 3960
A31: Розничный прайс-лист на продукцию ООО "Дымоход - Трейд плюс " от 01.01.2024
A33: Консоль универсальная | D33: Консоль табурет | H33: Консоль телескопическая | K33: Хомут в перекрытие/силовой
A34: до 930мм до Д350 | B34: 3000 | D34: 400-850мм | E34: =4500*1.1 -> 4950 | H34: до 930мм | I34: =1800*1.1 -> 1980 | K34: до Д300 | L34: =1600*1.1 -> 1760
A35: до 1200/Д500 | B35: 4000 | D35: 900-2000 | E35: =5500*1.1 -> 6050 | H35: 900-1200 | I35: 2500 | K35: от Д300 | L35: =2000*1.1 -> 2200
A37: Минерит | C37: Фаспан АНТИФЛЕЙМ | G37: Везувий Фаспан | K37: РАСПОРКИ по 1000р
A38: 1200*630*9 | C38: 1200*600*9 | D38: 1200*800*9 | E38: 1200*1200*9 | G38: 1200*600*8 | H38: 1200*800*8 | I38: 1200*1200*8
A39: 4440 | C39: 2220 | D39: 2960 | E39: 4430 | G39: 1950 | H39: 2750 | I39: 3900
A41: Grillux Лист притопочный
A42: 1000* 800 | B42: бронза медь черный | C42: R641 | E42: 1000* 1000 | F42: бронза медь черный | G42: R641 | I42: 1200* 1200 | J42: бронза медь черный | L42: Радиальный 900* 800 | M42: бронза медь черный
B43: 3930 | C43: 3840 | F43: 5730 | G43: 5320 | J43: 8110 | M43: 3110
A45: R641 | C45: обычный | F45: Grillux Лист угловой-призматический | K45: Grillux Лист угловой
H46: 1100*1100 | L46: 1095*700
H47: Черный | I47: 5350 | L47: Черный | M47: 3540
H48: медь | L48: медь
H49: Бронза | L49: Бронза
A51: Площадка | B51: Ø 100/200 | C51: Ø 110/210 | D51: Ø 120/220 | E51: Ø 130/230 | F51: Ø 140/240 | G51: Ø 150/250 | H51: Ø 160/260 | I51: Ø 180/280 | J51: Ø 200/300 | K51: Ø 250/350 | L51: Ø 280/380 | M51: Ø 300/400
A52: 304(0.5) 430(0.8) | B52: 2214.3 | C52: 2238.5 | D52: 2250.6 | E52: 2341.35 | F52: 2383.7 | G52: 2467.19 | H52: 2528.9 | I52: 2688.62 | J52: 2891.9 | K52: 3206.5 | L52: 3267 | M52: 3395.26
A53: 321(0.5) 430(0.8) | B53: 3100.02 | C53: 3133.9 | D53: 3150.84 | E53: 3277.89 | F53: 3337.18 | G53: 3454.55 | H53: 3540.46 | I53: 3764.31 | J53: 4048.66 | K53: 4489.1 | L53: 4573.8 | M53: 4752.88
A54: 316(0.5) 430(0.8) | B54: 3719.54 | C54: 3760.68 | D54: 3781.25 | E54: 3933.71 | F54: 4005.1 | G54: 4145.46 | H54: 4248.31 | I54: 4516.93 | J54: 4858.15 | K54: 5386.92 | L54: 5488.56 | M54: 5703.94

Sheet комплекты
A1: КОМПЛЕКТЫ ЭКОНОМ
A2: Комплект Эконом №1 | C2: Д115/215 | D2: Д120/220 | E2: Д150/250 | G2: =G9+G8+G7*2+G6*3+G5+G4+G3 -> 20524.415 | H2: =H9+H8+H7*2+H6*3+H5+H4+H3 -> 24171.19
A3: Труба 1000мм нерж 304(0.8) | B3: 1 шт | C3: =G2*0.9 -> 18471.974 | D3: =C3 -> 18471.974 | E3: =H2*0.9 -> 21754.071 | G3: =голые!D96 -> 1992.375 | H3: =голые!G96 -> 2493.315
A4: Шибер поворотный нерж 304(0.8) | B4: 1 шт | G4: =голые!D107 -> 2120.14 | H4: =голые!G107 -> 2338.985
A5: Заглушка опорная нерж 304(0.5)/Оц | B5: 1 шт | G5: ='50 изоляция'!D159 -> 1306.8 | H5: ='50 изоляция'!G159 -> 1650.44
A6: Сэндвич 1000мм нерж 304(0.5)/ОЦ | B6: 3 шт | G6: ='50 изоляция'!D148 -> 3073.4 | H6: ='50 изоляция'!G148 -> 3755.84
A7: Фланцы 600*600 Оц | B7: 2 шт | G7: =Фланцы!E19 -> 770 | H7: =G7 -> 770
A8: Мастер флеш №2 | B8: 1 шт | G8: 2300 | H8: =G8 -> 2300
A9: Зонт-конус нерж 304(0.5)/ОЦ | B9: 1 шт | G9: ='50 изоляция'!D162 -> 2044.9 | H9: ='50 изоляция'!G162 -> 2580.93
A11: Комплект Эконом №2 | C11: Д115/215 | D11: Д120/220 | E11: Д150/250 | G11: =G21+G20+G19*2+G18*3+G17+G16+G15+G14*2+G13+G12 -> 33815.315 | H11: =H21+H20+H19*2+H18*3+H17+H16+H15+H14*2+H13+H12 -> 39132.055
A12: Шибер выдвижной нерж 304(0.8) | B12: 1 шт | C12: =G11*0.9 -> 30433.784 | D12: =C12 -> 30433.784 | E12: =H11*0.9 -> 35218.849 | G12: =голые!D108 -> 2145.44 | H12: =голые!G108 -> 2433.86
A13: Заглушка опорная нерж 304(0.8)/Оц | B13: 1 шт | G13: ='50 изоляция'!D182 -> 1465.31 | H13: ='50 изоляция'!G182 -> 1844.04
A14: Фланцы 600*600 Оц | B14: 2 шт | G14: =G7 -> 770 | H14: =G14 -> 770
A15: Сэндвич-труба 500мм нерж 304(0.8)/ОЦ | B15: 1 шт | G15: ='50 изоляция'!D171 -> 3651.78 | H15: ='50 изоляция'!G171 -> 4346.32
A16: Тройник с к/о нерж 304(0.5)/ОЦ | B16: 1шт | G16: ='50 изоляция'!D156 -> 4800.07 | H16: ='50 изоляция'!G156 -> 5881.81
A17: Площадка под тройник 304(0.5)430 | B17: 1шт | G17: =Фланцы!D52 -> 2250.6 | H17: =Фланцы!G52 -> 2467.19
A18: Сэндвич 1000мм нерж 304(0.5)/ОЦ | B18: 3шт | G18: ='50 изоляция'!D148 -> 3073.4 | H18: ='50 изоляция'!G148 -> 3755.84
A19: Консоль Универсальная | B19: 2шт | G19: =Фланцы!B34 -> 3000 | H19: =G19 -> 3000
A20: Хомут силовой для консоли 430(0.8) | B20: 1шт | G20: =голые!L45 -> 697.015 | H20: =голые!N45 -> 770.385
A21: Зонт-конус нерж 304(0.5)/ОЦ | B21: 1шт | G21: =G9 -> 2044.9 | H21: =H9 -> 2580.93
A23: Комплект Эконом №3 | C23: Д115/215 | D23: Д120/220 | E23: Д150/250 | G23: =G30+G29+G28*4+G27*6+G26+G25+G24 -> 31284.615 | H23: =H30+H29+H28*4+H27*6+H26+H25+H24 -> 36978.71
A24: Труба 1000мм нерж 304(0.8) | B24: 1шт | C24: =G23*0.9 -> 28156.154 | D24: =C24 -> 28156.154 | E24: =H23*0.9 -> 33280.839 | G24: =G3 -> 1992.375 | H24: =H3 -> 2493.315
A25: Шибер поворотный нерж 304(0.8) | B25: 1шт | G25: =G4 -> 2120.14 | H25: =H4 -> 2338.985
A26: Заглушка опорная нерж 304(0.5)/Оц | B26: 1шт | G26: =G5 -> 1306.8 | H26: =H5 -> 1650.44
A27: Сэндвич 1000мм нерж 304(0.5)/ОЦ | B27: 6шт | G27: =G6 -> 3073.4 | H27: =H6 -> 3755.84
A28: Фланцы 600*600 Оц | B28: 4шт | G28: =G7 -> 770 | H28: =H7 -> 770
A29: Мастер флеш №2 | B29: 1шт | G29: =G8 -> 2300 | H29: =H8 -> 2300
A30: Зонт-конус нерж 304(0.5)/ОЦ | B30: 1шт | G30: =G9 -> 2044.9 | H30: =H9 -> 2580.93
A32: Комплект Эконом №4 | C32: Д115/215 | D32: Д120/220 | E32: Д150/250 | G32: =G33+G34+G35*2+G36+G37+G38+G39*6+G40*3+G41*2+G42 -> 46732.53 | H32: =H33+H34+H35*2+H36+H37+H38+H39*6+H40*3+H41*2+H42 -> 54169.96
A33: Шибер выдвижной нерж 304(0.8) | B33: 1шт | C33: =G32*0.9 -> 42059.277 | D33: =C33 -> 42059.277 | E33: =H32*0.9 -> 48752.964 | G33: =G12 -> 2145.44 | H33: =H12 -> 2433.86
A34: Заглушка опорная нерж 304(0.8)/Оц | B34: 1шт | G34: =G13 -> 1465.31 | H34: =H13 -> 1844.04
A35: Фланцы 600*600 Оц | B35: 2шт | G35: =G14 -> 770 | H35: =H14 -> 770
A36: Сэндвич-труба 500мм нерж 304(0.8)/ОЦ | B36: 1шт | G36: =G15 -> 3651.78 | H36: =H15 -> 4346.32
A37: Тройник с к/о нерж 304(0.5)/ОЦ | B37: 1шт | G37: =G16 -> 4800.07 | H37: =H16 -> 5881.81
A38: Площадка под тройник 304(0.5)430 | B38: 1шт | G38: =G17 -> 2250.6 | H38: =H17 -> 2467.19
A39: Сэндвич 1000мм нерж 304(0.5)/ОЦ | B39: 6шт | G39: =G18 -> 3073.4 | H39: =H18 -> 3755.84
A40: Консоль Универсальная | B40: 3шт | G40: =G19 -> 3000 | H40: =H19 -> 3000
A41: Хомут силовой для консоли 430(0.8) | B41: 2шт | G41: =G20 -> 697.015 | H41: =H20 -> 770.385
A42: Зонт-конус нерж 304(0.5)/ОЦ | B42: 1шт | G42: =G21 -> 2044.9 | H42: =H21 -> 2580.93
G43: =G22 -> 0 | H43: =H22 -> 0
A46: Комплект Стандарт
A47: Комплект Стандарт №1 | C47: Д115/215 | D47: Д120/220 | E47: Д150/250 | G47: =G48+G49+G50+G51*2+G52+G53+G54+G55+G56 -> 34602.105 | H47: =H48+H49+H50+H51*2+H52+H53+H54+H55+H56 -> 39620.195
A48: Труба 1000мм нерж 304(0.8) | B48: 1 | C48: =G47*0.9 -> 31141.894 | D48: =C48 -> 31141.894 | E48: =H47*0.9 -> 35658.175 | G48: =G24 -> 1992.375 | H48: =H24 -> 2493.315
A49: Шибер поворотный нерж 304(0.8) | B49: 1 | G49: =G25 -> 2120.14 | H49: =H25 -> 2338.985
A50: Заглушка опорная нерж 304(0.8)/430 | B50: 1 | G50: ='50 изоляция'!D229 -> 1644.5 | H50: ='50 изоляция'!G229 -> 2044.24
A51: Сэндвич 1000мм нерж 304(0.8)/430 | B51: 2 | G51: ='50 изоляция'!D218 -> 4680.5 | H51: ='50 изоляция'!G218 -> 5615.335
A52: Сэндвич 1000мм нерж 304(0.5)/430 | B52: 1 | G52: ='50 изоляция'!D194 -> 3798.795 | H52: ='50 изоляция'!G194 -> 4617.25
A53: Проходной стакан 430/Оц | B53: 1 | G53: =Фланцы!F14 -> 3950 | H53: =G53 -> 3950
A54: УПК под углом нерж 430 | B54: 1 | G54: =Фланцы!G7 -> 6710 | H54: =Фланцы!H7 -> 7040
A55: Дефлектор-конус 304(0.5)/430 | B55: 1 | G55: ='50 изоляция'!D209 -> 2913.295 | H55: ='50 изоляция'!G209 -> 3793.735
A56: Фланец 600*700 под углом 430 | B56: 1 | G56: =Фланцы!F24 -> 2112 | H56: =G56 -> 2112
A58: Комплект Стандарт №2 | C58: Д115/215 | D58: Д120/220 | E58: Д150/250 | G58: =G59+G60+G61+G62+G63+G64*2+G65+G66*2+G67+G68+G69 -> 41873.705 | H58: =H59+H60+H61+H62+H63+H64*2+H65+H66*2+H67+H68+H69 -> 49743.545
A59: Шибер поворотный нерж 304(0.8) | B59: 1 | C59: =G58*0.9 -> 37686.334 | D59: =C59 -> 37686.334 | E59: =H58*0.9 -> 44769.19 | G59: =голые!D107 -> 2120.14 | H59: =голые!G107 -> 2338.985
A60: Заглушка опорная нерж 304(0.8)/430 | B60: 1 | G60: =G50 -> 1644.5 | H60: =H50 -> 2044.24
A61: Сэндвич-труба 500мм нерж 304(0.8)/430 | B61: 1 | G61: ='50 изоляция'!D220 -> 3289 | H61: ='50 изоляция'!G218 -> 5615.335
A62: Проходной стакан 430/Оц | B62: 1 | G62: =G53 -> 3950 | H62: =H53 -> 3950
A63: Тройник с к/о нерж 304(0.8)/430 | B63: 1 | G63: ='50 изоляция'!D226 -> 6536.255 | H63: ='50 изоляция'!G226 -> 7879.685
A64: Консоль универсальная | B64: 2 | G64: =G40 -> 3000 | H64: =G64 -> 3000
A65: Площадка опорная под тройник | B65: 1 | G65: =Фланцы!D52 -> 2250.6 | H65: =Фланцы!G52 -> 2467.19
A66: Сэндвич-труба 1000мм нерж 304(0.8)/430 | B66: 2 | G66: =G51 -> 4680.5 | H66: =H51 -> 5615.335
A67: Сэндвич-труба 1000мм нерж 304(0.5)/430 | B67: 1 | G67: =G52 -> 3798.795 | H67: =H52 -> 4617.25
A68: Хомут силовой для консоли 430(0.8) | B68: 1 | G68: =G41 -> 697.015 | H68: =H41 -> 770.385
A69: Зонт-конус нерж 304(0.5)/430 | B69: 1 | G69: ='50 изоляция'!D208 -> 2226.4 | H69: ='50 изоляция'!G208 -> 2829.805
A71: Комплект Стандарт №3 | C71: Д115/215 | D71: Д120/220 | E71: Д150/250 | G71: =G72+G73+G74+G75*2+G76*4+G77*2+G78+G79+G80 -> 49948.49 | H71: =H72+H73+H74+H75*2+H76*4+H77*2+H78+H79+H80 -> 57421.945
A72: Труба 1000мм нерж 304(0.8) | B72: 1 | C72: =G71*0.9 -> 44953.641 | D72: =C72 -> 44953.641 | E72: =H71*0.9 -> 51679.751 | G72: =G48 -> 1992.375 | H72: =H48 -> 2493.315
A73: Шибер поворотный нерж 304(0.8) | B73: 1 | G73: =G49 -> 2120.14 | H73: =H49 -> 2338.985
A74: Заглушка опорная нерж 304(0.8)/430 | B74: 1 | G74: =G50 -> 1644.5 | H74: =H50 -> 2044.24
A75: Сэндвич 1000мм нерж 304(0.8)/430 | B75: 2 | G75: =G51 -> 4680.5 | H75: =H51 -> 5615.335
A76: Сэндвич 1000мм нерж 304(0.5)/430 | B76: 4 | G76: =G52 -> 3798.795 | H76: =H52 -> 4617.25
A77: Проходной стакан 430/Оц | B77: 2 | G77: =G53 -> 3950 | H77: =H53 -> 3950
A78: УПК под углом нерж 430 | B78: 1 | G78: =G54 -> 6710 | H78: =H54 -> 7040
A79: Дефлектор-конус 304(0.5)/430 | B79: 1 | G79: =G55 -> 2913.295 | H79: =H55 -> 3793.735
A80: Фланец 600*700 под углом 430 | B80: 1 | G80: =G56 -> 2112 | H80: =H56 -> 2112
A82: Комплект Стандарт №4 | C82: Д115/215 | D82: Д120/220 | E82: Д150/250 | G82: =G83+G84+G85+G86+G87+G88*3+G89+G90*2+G91*4+G92*2+G93 -> 56967.105 | H82: =H83+H84+H85+H86+H87+H88*3+H89+H90*2+H91*4+H92*2+H93 -> 67365.68
A83: Шибер поворотный нерж 304(0.8) | B83: 1 | C83: =G82*0.9 -> 51270.395 | D83: =C83 -> 51270.395 | E83: =H82*0.9 -> 60629.112 | G83: =G59 -> 2120.14 | H83: =H59 -> 2338.985
A84: Заглушка опорная нерж 304(0.8)/430 | B84: 1 | G84: =G60 -> 1644.5 | H84: =H60 -> 2044.24
A85: Сэндвич-труба 500мм нерж 304(0.8)/430 | B85: 1 | G85: =G61 -> 3289 | H85: =H61 -> 5615.335
A86: Проходной стакан 430/Оц | B86: 1 | G86: =G62 -> 3950 | H86: =H62 -> 3950
A87: Тройник с к/о нерж 304(0.8)/430 | B87: 1 | G87: =G63 -> 6536.255 | H87: =H63 -> 7879.685
A88: Консоль универсальная | B88: 3 | G88: =G64 -> 3000 | H88: =H64 -> 3000
A89: Площадка опорная под тройник | B89: 1 | G89: =G65 -> 2250.6 | H89: =H65 -> 2467.19
A90: Сэндвич-труба 1000мм нерж 304(0.8)/430 | B90: 2 | G90: =G66 -> 4680.5 | H90: =H66 -> 5615.335
A91: Сэндвич-труба 1000мм нерж 304(0.5)/430 | B91: 4 | G91: =G67 -> 3798.795 | H91: =H67 -> 4617.25
A92: Хомут силовой для консоли 430(0.8) | B92: 2 | G92: =G68 -> 697.015 | H92: =H68 -> 770.385
A93: Зонт-конус нерж 304(0.5)/430 | B93: 1 | G93: =G69 -> 2226.4 | H93: =H69 -> 2829.805
A97: Комплект Премиум
A98: Комплект Премиум №1 | C98: Д115/215 | D98: Д120/220 | E98: Д150/250 | G98: =G99+G100+G101+G102*3+G103+G104+G105+G106 -> 40747.455 | H98: =H99+H100+H101+H102*3+H103+H104+H105+H106 -> 46702.91
A99: Труба 1000мм нерж 321(0.8) | B99: 1 | C99: =G98*0.9 -> 36672.709 | D99: =C99 -> 36672.709 | E99: =H98*0.9 -> 42032.619 | G99: =голые!D140 -> 2490.785 | H99: =голые!G140 -> 3116.96
A100: Шибер поворотный нерж 321(0.8) | B100: 1 | G100: =голые!D151 -> 2650.175 | H100: =голые!G151 -> 2923.415
A101: Заглушка опорная нерж 321(0.8)/430 | B101: 1 | G101: ='50 изоляция'!D369 -> 1973.4 | H101: ='50 изоляция'!G369 -> 2452.835
A102: Сэндвич-труба 1000м нерж 321(0.8)/430 | B102: 3 | G102: ='50 изоляция'!D358 -> 5616.6 | H102: ='50 изоляция'!G358 -> 6738.655
A103: Проходной стакан с ватой 430 | B103: 1 | G103: =G86+900 -> 4850 | H103: =G103 -> 4850
A104: УПК под углом нерж 430 | B104: 1 | G104: =G78 -> 6710 | H104: =H78 -> 7040
A105: Дефлектор-конус-конус 304(0.5)/430 | B105: 1 | G105: =G79 -> 2913.295 | H105: =H79 -> 3793.735
A106: Фланец 700*700 под углом 430 | B106: 1 | G106: =Фланцы!H24 -> 2310 | H106: =G106 -> 2310
A108: Комплект Премиум №2 | C108: Д115/215 | D108: Д120/220 | E108: Д150/250 | G108: =G109+G110+G111+G112+G113+G114*2+G115+G116*3+G117+G118 -> 50874.325 | H108: =H109+H110+H111+H112+H113+H114*2+H115+H116*3+H117+H118 -> 58847.73
A109: Шибер поворотный нерж 321(0.8) | B109: 1 | C109: =G108*0.9 -> 45786.893 | D109: =C109 -> 45786.893 | E109: =H108*0.9 -> 52962.957 | G109: =G100 -> 2650.175 | H109: =H100 -> 2923.415
A110: Заглушка опорная нерж 321(0.8)/430 | B110: 1 | G110: =G101 -> 1973.4 | H110: =H101 -> 2452.835
A111: Сэндвич-труба 500мм нерж 321(0.8)/430 | B111: 1 | G111: ='50 изоляция'!D360 -> 3946.8 | H111: ='50 изоляция'!G360 -> 4930.97
A112: Проходной стакан с ваты 430 | B112: 1 | G112: =G103 -> 4850 | H112: =G112 -> 4850
...
